exp;video;id;cytokinesis;cut;x;y
EXP1;Control-10;1;10;30;694;458
EXP1;Control-10;2;26;47;891;938
EXP1;Control-10;3;66;78;1529;920
EXP1;Control-10;4;75;91;469;948
EXP1;Control-10;5;82;96;413;325
EXP1;Control-10;6;98;122;1181;721
EXP1;Control-10;7;103;115;784;146
EXP1;Control-10;8;109;116;1191;931
EXP1;Control-10;9;110;120;685;316
EXP1;Control-10;10;117;132;1117;481
EXP1;Control-10;11;118;130;195;790
EXP1;Control-10;12;119;139;529;154
EXP1;Control-10;13;132;141;918;339
EXP1;Control-10;14;140;152;398;563
EXP1;Control-10;15;193;205;1010;840
EXP1;Control-10;16;211;221;1080;96
EXP1;Control-10;17;211;222;426;452
EXP1;Control-10;18;211;218;308;1052
EXP1;Control-10;19;213;226;593;844
EXP1;Control-10;20;214;224;375;269
EXP1;Control-10;21;223;237;802;734
EXP1;Control-10;22;229;238;862;216
EXP1;Control-10;23;234;245;958;420
EXP1;Control-10;24;235;249;710;113
EXP1;Control-10;25;239;247;1257;532
EXP1;Control-11;26;48;65;1122;1033
EXP1;Control-11;27;57;77;333;422
EXP1;Control-11;28;73;88;952;54
EXP1;Control-11;29;116;126;1126;105
EXP1;Control-11;30;139;148;929;316
EXP1;Control-11;31;156;166;856;626
EXP1;Control-11;32;187;200;185;684
EXP1;Control-11;33;198;209;93;276
EXP1;Control-1;34;6;16;391;19
EXP1;Control-1;35;34;46;732;402
EXP1;Control-1;36;39;58;603;106
EXP1;Control-1;37;65;75;956;513
EXP1;Control-1;38;68;80;1210;864
EXP1;Control-1;39;86;97;1566;766
EXP1;Control-1;40;111;128;368;684
EXP1;Control-1;41;116;133;1512;204
EXP1;Control-1;42;129;141;494;1081
EXP1;Control-1;43;171;204;1310;507
EXP1;Control-1;44;192;204;1369;772
EXP1;Control-1;45;208;224;662;491
EXP1;Control-1;46;209;216;1104;470
EXP1;Control-1;47;206;224;663;499
EXP1;Control-1;48;211;221;1558;836
EXP1;Control-1;49;225;234;625;673
EXP1;Control-2;50;35;57;493;733
EXP1;Control-2;51;33;58;484;297
EXP1;Control-2;52;69;81;1103;927
EXP1;Control-2;53;86;96;1349;248
EXP1;Control-2;54;97;127;1016;566
EXP1;Control-2;55;101;115;968;324
EXP1;Control-2;56;102;121;751;211
EXP1;Control-2;57;108;123;1344;539
EXP1;Control-2;58;138;144;552;768
EXP1;Control-2;59;139;150;426;500
EXP1;Control-2;60;140;150;626;539
EXP1;Control-2;61;140;149;505;53
EXP1;Control-2;62;212;221;391;192
EXP1;Control-2;63;227;239;266;258
EXP1;Control-3;64;5;15;865;1069
EXP1;Control-3;65;9;15;556;270
EXP1;Control-3;66;24;34;1108;184
EXP1;Control-3;67;32;39;615;353
EXP1;Control-3;68;47;62;757;985
EXP1;Control-3;69;51;63;1016;938
EXP1;Control-3;70;60;73;1067;506
EXP1;Control-3;71;70;91;1110;976
EXP1;Control-3;72;102;114;473;917
EXP1;Control-3;73;105;117;212;664
EXP1;Control-3;74;110;120;708;546
EXP1;Control-3;75;119;134;675;745
EXP1;Control-3;76;121;140;1448;648
EXP1;Control-3;77;128;140;400;696
EXP1;Control-3;78;130;140;901;1044
EXP1;Control-3;79;141;151;361;1049
EXP1;Control-3;80;148;164;325;522
EXP1;Control-3;81;148;155;1289;323
EXP1;Control-3;82;151;158;870;453
EXP1;Control-3;83;157;169;641;242
EXP1;Control-3;84;160;175;308;131
EXP1;Control-3;85;171;181;1173;675
EXP1;Control-3;86;173;185;1066;561
EXP1;Control-3;87;189;199;852;920
EXP1;Control-4;88;38;46;1260;1047
EXP1;Control-4;89;78;91;520;1056
EXP1;Control-4;90;78;86;1536;131
EXP1;Control-4;91;79;97;810;310
EXP1;Control-4;92;86;99;128;1009
EXP1;Control-4;93;97;109;54;896
EXP1;Control-4;94;109;124;388;95
EXP1;Control-4;95;114;132;1295;727
EXP1;Control-4;96;115;128;493;325
EXP1;Control-4;97;116;128;791;627
EXP1;Control-4;98;137;147;306;837
EXP1;Control-4;99;149;160;823;702
EXP1;Control-4;100;153;172;1073;847
EXP1;Control-4;101;154;172;264;668
EXP1;Control-4;102;162;175;1273;926
EXP1;Control-4;103;204;211;1000;488
EXP1;Control-4;104;200;208;498;1012
EXP1;Control-4;105;205;213;316;1070
EXP1;Control-4;106;209;218;136;886
EXP1;Control-4;107;224;232;721;12
EXP1;Control-4;108;229;244;784;273
EXP1;Control-5;109;1;9;166;739
EXP1;Control-5;110;5;26;385;168
EXP1;Control-5;111;15;25;288;602
EXP1;Control-5;112;16;30;1476;480
EXP1;Control-5;113;17;27;371;447
EXP1;Control-5;114;17;25;1184;230
EXP1;Control-5;115;23;35;119;439
EXP1;Control-5;116;25;42;1019;576
EXP1;Control-5;117;37;46;314;526
EXP1;Control-5;118;45;57;723;306
EXP1;Control-5;119;58;70;1212;419
EXP1;Control-5;120;68;77;1506;914
EXP1;Control-5;121;80;93;1295;848
EXP1;Control-5;122;86;98;894;791
EXP1;Control-5;123;105;122;1490;441
EXP1;Control-5;124;109;119;1496;103
EXP1;Control-5;125;130;138;101;604
EXP1;Control-5;126;135;142;198;649
EXP1;Control-5;127;135;140;1045;210
EXP1;Control-5;128;139;144;1202;290
EXP1;Control-5;129;145;154;310;765
EXP1;Control-5;130;152;160;651;113
EXP1;Control-5;131;153;164;667;508
EXP1;Control-5;132;153;162;524;745
EXP1;Control-5;133;153;168;653;888
EXP1;Control-5;134;154;162;339;471
EXP1;Control-5;135;156;166;81;290
EXP1;Control-5;136;166;177;280;578
EXP1;Control-5;137;170;184;514;409
EXP1;Control-5;138;180;188;719;405
EXP1;Control-5;139;182;191;848;349
EXP1;Control-5;140;182;196;1494;628
EXP1;Control-5;141;183;194;1297;443
EXP1;Control-5;142;186;195;1148;743
EXP1;Control-5;143;186;197;1035;634
EXP1;Control-5;144;188;203;1458;800
EXP1;Control-5;145;192;201;1460;854
EXP1;Control-5;146;193;207;1393;987
EXP1;Control-5;147;200;210;753;767
EXP1;Control-5;148;201;211;878;1005
EXP1;Control-5;149;206;213;928;711
EXP1;Control-5;150;206;222;1554;380
EXP1;Control-5;151;226;233;87;932
EXP1;Control-5;152;241;251;1335;35
EXP1;Control-5;153;243;251;1119;250
EXP1;Control-6;154;27;41;1006;102
EXP1;Control-6;155;40;59;944;222
EXP1;Control-6;156;66;78;110;92
EXP1;Control-6;157;67;79;654;184
EXP1;Control-6;158;70;81;608;618
EXP1;Control-6;159;87;99;460;268
EXP1;Control-6;160;88;99;1010;830
EXP1;Control-6;161;90;101;532;986
EXP1;Control-6;162;99;113;1322;110
EXP1;Control-6;163;104;121;250;390
EXP1;Control-6;164;106;123;1036;498
EXP1;Control-6;165;116;129;1580;194
EXP1;Control-6;166;132;142;1198;852
EXP1;Control-6;167;138;147;1200;270
EXP1;Control-6;168;142;151;224;836
EXP1;Control-6;169;144;154;742;248
EXP1;Control-6;170;150;160;1024;58
EXP1;Control-6;171;151;161;1066;282
EXP1;Control-6;172;180;189;782;480
EXP1;Control-6;173;181;190;430;780
EXP1;Control-6;174;182;191;634;198
EXP1;Control-6;175;183;194;1012;982
EXP1;Control-6;176;187;197;412;96
EXP1;Control-6;177;187;196;138;140
EXP1;Control-6;178;193;203;974;770
EXP1;Control-6;179;196;207;578;910
EXP1;Control-6;180;204;212;296;206
EXP1;Control-6;181;204;213;744;938
EXP1;Control-6;182;210;217;506;388
EXP1;Control-6;183;216;226;248;414
EXP1;Control-6;184;230;241;228;520
EXP1;Control-6;185;233;245;1294;54
EXP1;Control-6;186;234;246;1352;250
EXP1;Control-7;187;3;12;872;60
EXP1;Control-7;188;6;17;284;222
EXP1;Control-7;189;11;31;1176;168
EXP1;Control-7;190;33;54;1122;594
EXP1;Control-7;191;51;74;1388;460
EXP1;Control-7;192;66;83;28;646
EXP1;Control-7;193;68;82;1440;358
EXP1;Control-7;194;72;82;246;632
EXP1;Control-7;195;88;99;744;958
EXP1;Control-7;196;89;104;534;840
EXP1;Control-7;197;90;102;620;38
EXP1;Control-7;198;92;109;438;628
EXP1;Control-7;199;98;110;100;866
EXP1;Control-7;200;108;120;668;248
EXP1;Control-7;201;113;129;970;506
EXP1;Control-7;202;117;130;750;584
EXP1;Control-7;203;119;131;344;896
EXP1;Control-7;204;130;140;1204;238
EXP1;Control-7;205;137;148;818;816
EXP1;Control-7;206;140;146;1018;274
EXP1;Control-7;207;142;151;1172;76
EXP1;Control-7;208;144;152;1170;852
EXP1;Control-7;209;145;153;1328;842
EXP1;Control-7;210;147;151;24;284
EXP1;Control-7;211;154;170;976;608
EXP1;Control-7;212;178;189;156;654
EXP1;Control-7;213;178;190;1328;344
EXP1;Control-7;214;188;200;1500;488
EXP1;Control-7;215;191;200;418;508
EXP1;Control-7;216;192;203;1592;374
EXP1;Control-7;217;203;211;428;726
EXP1;Control-7;218;215;223;926;1008
EXP1;Control-7;219;221;228;246;476
EXP1;Control-7;220;221;229;470;938
EXP1;Control-7;221;224;232;662;38
EXP1;Control-7;222;226;237;582;686
EXP1;Control-7;223;235;246;760;360
EXP1;Control-7;224;234;252;836;628
EXP1;Control-8;225;36;51;1392;880
EXP1;Control-8;226;42;60;480;906
EXP1;Control-8;227;49;63;1086;774
EXP1;Control-8;228;64;78;466;595
EXP1;Control-8;229;77;93;1313;773
EXP1;Control-8;230;89;114;201;889
EXP1;Control-8;231;96;110;392;1010
EXP1;Control-8;232;105;119;714;440
EXP1;Control-8;233;107;119;691;820
EXP1;Control-8;234;119;131;1346;92
EXP1;Control-8;235;121;133;1258;532
EXP1;Control-8;236;128;138;1355;232
EXP1;Control-8;237;129;140;1058;420
EXP1;Control-8;238;131;142;1058;208
EXP1;Control-8;239;143;154;1490;626
EXP1;Control-8;240;147;157;1104;1040
EXP1;Control-8;241;149;162;430;264
EXP1;Control-8;242;159;169;1142;903
EXP1;Control-8;243;161;174;1036;714
EXP1;Control-8;244;161;175;1506;868
EXP1;Control-8;245;165;175;574;882
EXP1;Control-8;246;191;207;90;712
EXP1;Control-8;247;191;201;1376;576
EXP1;Control-8;248;201;213;399;857
EXP1;Control-8;249;211;223;188;864
EXP1;Control-8;250;218;232;322;242
EXP1;Control-8;251;218;229;528;616
EXP1;Control-8;252;218;230;674;358
EXP1;Control-8;253;223;231;1482;44
EXP1;Control-8;254;231;240;482;544
EXP1;Control-8;255;232;240;34;22
EXP1;Control-8;256;234;244;654;776
EXP1;Control-8;257;234;244;1174;592
EXP1;Control-8;258;238;247;1566;287
EXP1;Control-9;259;9;21;138;100
EXP1;Control-9;260;76;86;1364;408
EXP1;Control-9;261;92;105;1494;836
EXP1;Control-9;262;98;115;558;950
EXP1;Control-9;263;98;115;1206;1006
EXP1;Control-9;264;99;115;421;666
EXP1;Control-9;265;105;123;374;891
EXP1;Control-9;266;110;118;1114;756
EXP1;Control-9;267;119;133;548;276
EXP1;Control-9;268;119;132;818;912
EXP1;Control-9;269;128;141;1096;0
EXP1;Control-9;270;129;143;1208;338
EXP1;Control-9;271;140;151;458;134
EXP1;Control-9;272;140;148;716;164
EXP1;Control-9;273;154;178;674;630
EXP1;Control-9;274;194;202;1422;498
EXP1;Control-9;275;213;222;316;640
EXP1;Control-9;276;213;223;1088;952
EXP1;Control-9;277;215;225;693;779
EXP1;Control-9;278;218;227;1174;804
EXP1;Control-9;279;222;229;1253;748
EXP1;Control-9;280;223;232;1410;994
EXP1;Control-9;281;225;232;389;819
EXP1;Control-9;282;228;235;1542;780
EXP1;Control-9;283;231;241;71;309
EXP1;Control-9;284;234;246;776;1064
EXP1;Control-9;285;236;244;882;972
EXP1;CEP55-11;286;57;142;1520;154
EXP1;CEP55-10;287;46;102;899;519
EXP1;CEP55-10;288;128;158;314;639
EXP1;CEP55-10;289;162;203;648;267
EXP1;CEP55-10;290;183;220;189;163
EXP1;CEP55-9;291;7;78;1080;1042
EXP1;CEP55-9;292;43;130;1267;54
EXP1;CEP55-9;293;57;78;218;29
EXP1;CEP55-9;294;77;179;960;517
EXP1;CEP55-9;295;80;118;772;442
EXP1;CEP55-9;296;95;110;497;58
EXP1;CEP55-9;297;116;149;37;896
EXP1;CEP55-9;298;127;158;372;730
EXP1;CEP55-9;299;127;152;1250;766
EXP1;CEP55-9;300;129;139;1052;160
EXP1;CEP55-9;301;134;158;1351;447
EXP1;CEP55-9;302;136;168;956;989
EXP1;CEP55-9;303;140;148;1435;888
EXP1;CEP55-9;304;169;183;778;230
EXP1;CEP55-9;305;204;221;1390;187
EXP1;CEP55-9;306;207;230;783;912
EXP1;CEP55-8;307;26;139;573;349
EXP1;CEP55-8;308;33;121;1247;842
EXP1;CEP55-8;309;84;128;1522;179
EXP1;CEP55-8;310;105;135;1376;140
EXP1;CEP55-8;311;107;146;1339;380
EXP1;CEP55-8;312;123;172;182;1029
EXP1;CEP55-8;313;150;167;437;331
EXP1;CEP55-8;314;167;190;1306;863
EXP1;CEP55-8;315;182;214;1348;924
EXP1;CEP55-8;316;183;207;1064;523
EXP1;CEP55-8;317;211;235;1472;193
EXP1;CEP55-8;318;211;238;1497;681
EXP1;CEP55-7;319;16;63;628;900
EXP1;CEP55-7;320;57;69;1424;358
EXP1;CEP55-7;321;63;87;1186;478
EXP1;CEP55-7;322;68;96;1370;720
EXP1;CEP55-7;323;70;110;56;580
EXP1;CEP55-7;324;74;107;904;40
EXP1;CEP55-7;325;88;136;972;280
EXP1;CEP55-7;326;166;211;148;266
EXP1;CEP55-7;327;166;193;1510;84
EXP1;CEP55-7;328;170;224;612;332
EXP1;CEP55-7;329;172;193;1440;794
EXP1;CEP55-7;330;173;201;1316;542
EXP1;CEP55-7;331;186;207;1198;626
EXP1;CEP55-7;332;199;221;224;744
EXP1;CEP55-7;333;206;224;948;556
EXP1;CEP55-7;334;208;224;1258;364
EXP1;CEP55-7;335;217;237;541;249
EXP1;CEP55-7;336;226;244;140;522
EXP1;CEP55-6;337;17;47;484;120
EXP1;CEP55-6;338;30;68;200;784
EXP1;CEP55-6;339;50;106;10;388
EXP1;CEP55-6;340;51;76;110;876
EXP1;CEP55-6;341;74;105;76;598
EXP1;CEP55-6;342;147;193;310;1024
EXP1;CEP55-6;343;152;211;548;552
EXP1;CEP55-6;344;153;198;102;754
EXP1;CEP55-6;345;179;192;96;322
EXP1;CEP55-5;346;48;81;738;946
EXP1;CEP55-5;347;55;76;168;956
EXP1;CEP55-5;348;71;108;558;88
EXP1;CEP55-5;349;124;225;308;784
EXP1;CEP55-5;350;144;166;654;620
EXP1;CEP55-5;351;161;187;694;986
EXP1;CEP55-5;352;183;211;610;178
EXP1;CEP55-5;353;185;214;1114;104
EXP1;CEP55-5;354;198;221;1456;1068
EXP1;CEP55-4;355;223;241;925;996
EXP1;CEP55-3;356;35;252;984;741
EXP1;CEP55-3;357;65;100;460;426
EXP1;CEP55-3;358;91;139;1261;298
EXP1;CEP55-3;359;106;174;572;264
EXP1;CEP55-3;360;105;136;949;143
EXP1;CEP55-3;361;116;214;574;404
EXP1;CEP55-3;362;148;181;786;317
EXP1;CEP55-3;363;163;185;1524;624
EXP1;CEP55-2;364;73;118;123;84
EXP1;CEP55-2;365;81;92;550;1023
EXP1;CEP55-2;366;83;156;848;876
EXP1;CEP55-2;367;205;252;1504;361
EXP1;CEP55-2;368;192;204;561;845
EXP1;CEP55-2;369;220;242;830;740
EXP1;CEP55-1;370;53;125;826;722
EXP1;CEP55-1;371;77;128;278;772
EXP1;CEP55-1;372;69;136;1354;844
EXP1;CEP55-1;373;74;135;1216;1020
EXP1;CEP55-1;374;110;162;1234;438
EXP1;CEP55-1;375;136;158;1063;615
EXP1;CEP55-1;376;166;207;565;836
EXP1;CEP55-1;377;169;213;641;996
EXP1;CEP55-1;378;170;210;818;578
EXP1;CEP55-1;379;170;211;854;785
EXP1;CEP55-1;380;175;219;1326;866
EXP1;CEP55-1;381;176;213;1334;685
EXP1;CEP55-1;382;189;247;766;957
EXP1;CEP55-1;383;193;221;1225;1084
EXP1;CEP55-1;384;194;234;1186;831
EXP1;CEP55-1;385;194;222;181;824
EXP1;CEP55-1;386;170;213;655;995
EXP1;CEP55-1;387;165;207;653;835
EXP1;CEP55-1;388;170;252;853;782
EXP1;CEP55-1;389;170;210;812;575
EXP1;CEP55-1;390;175;219;1328;865
EXP1;CEP55-1;391;182;220;918;1047
EXP1;CEP55-1;392;228;252;208;229
EXP1;MICAL1-11;393;45;58;1049;918
EXP1;MICAL1-11;394;99;109;1082;669
EXP1;MICAL1-11;395;109;118;1133;561
EXP1;MICAL1-11;396;130;149;667;404
EXP1;MICAL1-11;397;205;215;97;365
EXP1;MICAL1-11;398;206;213;1070;1052
EXP1;MICAL1-10;399;33;52;1418;196
EXP1;MICAL1-10;400;39;56;1038;657
EXP1;MICAL1-10;401;46;56;674;719
EXP1;MICAL1-10;402;58;82;1202;803
EXP1;MICAL1-10;403;65;79;60;60
EXP1;MICAL1-10;404;80;112;762;590
EXP1;MICAL1-10;405;87;102;1058;127
EXP1;MICAL1-10;406;98;109;811;186
EXP1;MICAL1-10;407;125;140;1189;1029
EXP1;MICAL1-10;408;188;197;788;384
EXP1;MICAL1-10;409;194;202;421;541
EXP1;MICAL1-10;410;200;221;1553;963
EXP1;MICAL1-10;411;202;220;1064;879
EXP1;MICAL1-10;412;222;233;529;338
EXP1;MICAL1-10;413;222;251;633;943
EXP1;MICAL1-10;414;226;232;546;64
EXP1;MICAL1-10;415;226;237;1059;98
EXP1;MICAL1-10;416;228;237;800;230
EXP1;MICAL1-10;417;228;241;1320;503
EXP1;MICAL1-10;418;230;245;732;721
EXP1;MICAL1-9;419;12;23;662;322
EXP1;MICAL1-9;420;13;26;294;194
EXP1;MICAL1-9;421;30;78;911;623
EXP1;MICAL1-9;422;33;45;585;524
EXP1;MICAL1-9;423;39;55;136;993
EXP1;MICAL1-9;424;56;76;804;770
EXP1;MICAL1-9;425;62;78;1130;54
EXP1;MICAL1-9;426;62;74;1471;184
EXP1;MICAL1-9;427;65;74;748;102
EXP1;MICAL1-9;428;74;113;1309;611
EXP1;MICAL1-9;429;81;94;1003;449
EXP1;MICAL1-9;430;90;104;1265;68
EXP1;MICAL1-9;431;114;125;1092;944
EXP1;MICAL1-9;432;120;130;744;922
EXP1;MICAL1-9;433;136;151;1078;455
EXP1;MICAL1-9;434;140;147;775;410
EXP1;MICAL1-9;435;141;151;347;169
EXP1;MICAL1-9;436;142;164;702;632
EXP1;MICAL1-9;437;149;160;218;138
EXP1;MICAL1-9;438;149;155;580;246
EXP1;MICAL1-9;439;153;163;540;508
EXP1;MICAL1-9;440;155;163;226;411
EXP1;MICAL1-9;441;161;172;615;421
EXP1;MICAL1-9;442;167;176;1073;94
EXP1;MICAL1-9;443;170;178;784;40
EXP1;MICAL1-9;444;171;179;723;174
EXP1;MICAL1-9;445;177;204;1274;494
EXP1;MICAL1-9;446;179;188;40;954
EXP1;MICAL1-9;447;179;186;1590;314
EXP1;MICAL1-9;448;180;187;1038;320
EXP1;MICAL1-9;449;180;211;1180;778
EXP1;MICAL1-9;450;182;192;147;816
EXP1;MICAL1-9;451;202;210;227;495
EXP1;MICAL1-9;452;231;239;1176;902
EXP1;MICAL1-9;453;231;238;1056;1010
EXP1;MICAL1-8;454;13;24;1443;368
EXP1;MICAL1-8;455;22;34;662;432
EXP1;MICAL1-8;456;29;36;214;390
EXP1;MICAL1-8;457;32;45;814;316
EXP1;MICAL1-8;458;41;59;942;220
EXP1;MICAL1-8;459;81;97;202;788
EXP1;MICAL1-8;460;87;98;1128;894
EXP1;MICAL1-8;461;123;135;746;846
EXP1;MICAL1-8;462;126;137;1434;905
EXP1;MICAL1-8;463;127;139;1390;395
EXP1;MICAL1-8;464;132;140;1284;128
EXP1;MICAL1-8;465;136;143;1288;628
EXP1;MICAL1-8;466;139;149;894;470
EXP1;MICAL1-8;467;141;148;1520;267
EXP1;MICAL1-8;468;142;155;527;428
EXP1;MICAL1-8;469;146;154;181;334
EXP1;MICAL1-8;470;150;158;711;205
EXP1;MICAL1-8;471;159;168;190;505
EXP1;MICAL1-8;472;162;173;827;356
EXP1;MICAL1-8;473;166;185;1008;306
EXP1;MICAL1-8;474;186;201;814;108
EXP1;MICAL1-8;475;193;204;1119;859
EXP1;MICAL1-8;476;200;211;970;1051
EXP1;MICAL1-8;477;206;214;174;752
EXP1;MICAL1-8;478;211;221;395;839
EXP1;MICAL1-8;479;222;232;1413;336
EXP1;MICAL1-8;480;223;232;807;968
EXP1;MICAL1-8;481;228;239;1469;493
EXP1;MICAL1-8;482;231;237;1394;1056
EXP1;MICAL1-8;483;232;239;1358;60
EXP1;MICAL1-8;484;232;237;1019;771
EXP1;MICAL1-8;485;232;239;1226;759
EXP1;MICAL1-8;486;234;245;595;1087
EXP1;MICAL1-8;487;234;243;1047;697
EXP1;MICAL1-8;488;236;247;1303;890
EXP1;MICAL1-8;489;238;247;1590;829
EXP1;MICAL1-8;490;239;246;1552;252
EXP1;MICAL1-8;491;242;251;724;529
EXP1;MICAL1-7;492;86;103;132;72
EXP1;MICAL1-7;493;86;105;538;96
EXP1;MICAL1-7;494;96;108;232;400
EXP1;MICAL1-7;495;102;120;218;202
EXP1;MICAL1-7;496;104;116;1032;182
EXP1;MICAL1-7;497;108;118;1116;944
EXP1;MICAL1-7;498;109;124;808;422
EXP1;MICAL1-7;499;112;126;554;530
EXP1;MICAL1-7;500;114;127;578;318
EXP1;MICAL1-7;501;115;125;1556;722
EXP1;MICAL1-7;502;122;133;988;384
EXP1;MICAL1-7;503;125;137;1498;272
EXP1;MICAL1-7;504;130;143;392;930
EXP1;MICAL1-7;505;139;149;998;850
EXP1;MICAL1-7;506;144;171;1122;520
EXP1;MICAL1-7;507;181;196;58;216
EXP1;MICAL1-7;508;201;213;590;180
EXP1;MICAL1-7;509;210;218;242;368
EXP1;MICAL1-7;510;216;224;134;294
EXP1;MICAL1-7;511;223;234;602;702
EXP1;MICAL1-7;512;224;234;950;150
EXP1;MICAL1-7;513;224;234;728;400
EXP1;MICAL1-7;514;225;234;28;374
EXP1;MICAL1-7;515;227;233;1218;834
EXP1;MICAL1-7;516;228;239;708;276
EXP1;MICAL1-7;517;229;240;1386;206
EXP1;MICAL1-7;518;229;236;1126;292
EXP1;MICAL1-7;519;232;242;472;308
EXP1;MICAL1-7;520;233;243;822;530
EXP1;MICAL1-7;521;234;245;506;544
EXP1;MICAL1-6;522;7;20;1216;174
EXP1;MICAL1-6;523;41;85;1016;422
EXP1;MICAL1-6;524;51;58;666;398
EXP1;MICAL1-6;525;70;95;1222;390
EXP1;MICAL1-6;526;78;93;372;276
EXP1;MICAL1-6;527;85;94;798;572
EXP1;MICAL1-6;528;125;136;606;778
EXP1;MICAL1-6;529;129;142;1116;252
EXP1;MICAL1-6;530;133;144;318;300
EXP1;MICAL1-6;531;137;148;666;30
EXP1;MICAL1-6;532;143;158;860;376
EXP1;MICAL1-6;533;150;163;926;36
EXP1;MICAL1-6;534;153;166;1086;202
EXP1;MICAL1-6;535;165;177;1494;828
EXP1;MICAL1-6;536;166;178;1020;502
EXP1;MICAL1-6;537;180;189;810;232
EXP1;MICAL1-6;538;187;197;370;22
EXP1;MICAL1-6;539;188;199;1196;544
EXP1;MICAL1-6;540;194;208;1314;336
EXP1;MICAL1-6;541;217;229;564;510
EXP1;MICAL1-6;542;222;233;198;1054
EXP1;MICAL1-6;543;230;244;1314;990
EXP1;MICAL1-5;544;4;27;838;246
EXP1;MICAL1-5;545;20;29;696;802
EXP1;MICAL1-5;546;25;54;416;292
EXP1;MICAL1-5;547;28;42;1380;830
EXP1;MICAL1-5;548;33;53;862;406
EXP1;MICAL1-5;549;38;50;424;928
EXP1;MICAL1-5;550;43;66;1066;402
EXP1;MICAL1-5;551;123;139;290;296
EXP1;MICAL1-5;552;140;150;680;144
EXP1;MICAL1-5;553;149;164;820;782
EXP1;MICAL1-5;554;150;163;374;302
EXP1;MICAL1-5;555;165;176;1056;424
EXP1;MICAL1-5;556;167;179;860;24
EXP1;MICAL1-5;557;167;179;1486;308
EXP1;MICAL1-5;558;172;181;892;802
EXP1;MICAL1-5;559;179;189;30;222
EXP1;MICAL1-5;560;179;190;1520;996
EXP1;MICAL1-5;561;184;193;350;690
EXP1;MICAL1-5;562;185;193;102;538
EXP1;MICAL1-5;563;191;201;48;908
EXP1;MICAL1-5;564;216;225;1000;258
EXP1;MICAL1-4;565;10;23;806;162
EXP1;MICAL1-4;566;11;23;920;704
EXP1;MICAL1-4;567;17;27;378;400
EXP1;MICAL1-4;568;27;42;730;154
EXP1;MICAL1-4;569;35;42;70;742
EXP1;MICAL1-4;570;38;60;744;1040
EXP1;MICAL1-4;571;44;52;340;958
EXP1;MICAL1-4;572;49;64;622;410
EXP1;MICAL1-4;573;55;65;772;538
EXP1;MICAL1-4;574;70;89;1012;262
EXP1;MICAL1-4;575;74;89;1100;314
EXP1;MICAL1-4;576;79;94;316;800
EXP1;MICAL1-4;577;80;92;662;892
EXP1;MICAL1-4;578;84;100;1264;742
EXP1;MICAL1-4;579;86;99;1162;206
EXP1;MICAL1-4;580;140;149;902;648
EXP1;MICAL1-4;581;141;152;532;372
EXP1;MICAL1-4;582;169;180;62;902
EXP1;MICAL1-4;583;178;192;24;336
EXP1;MICAL1-4;584;180;190;340;446
EXP1;MICAL1-4;585;183;192;552;994
EXP1;MICAL1-4;586;188;197;996;444
EXP1;MICAL1-4;587;189;200;1070;40
EXP1;MICAL1-4;588;196;207;362;868
EXP1;MICAL1-4;589;199;211;952;144
EXP1;MICAL1-4;590;200;209;1126;1026
EXP1;MICAL1-4;591;200;213;1352;994
EXP1;MICAL1-4;592;205;211;336;754
EXP1;MICAL1-4;593;205;214;1082;420
EXP1;MICAL1-4;594;211;216;132;954
EXP1;MICAL1-4;595;211;219;522;496
EXP1;MICAL1-4;596;212;222;1123;323
EXP1;MICAL1-4;597;212;221;1274;707
EXP1;MICAL1-4;598;213;221;1144;29
EXP1;MICAL1-3;599;3;23;484;818
EXP1;MICAL1-3;600;5;20;131;667
EXP1;MICAL1-3;601;15;29;700;244
EXP1;MICAL1-3;602;28;39;1320;231
EXP1;MICAL1-3;603;29;42;684;842
EXP1;MICAL1-3;604;34;53;939;923
EXP1;MICAL1-3;605;37;52;1060;625
EXP1;MICAL1-3;606;38;48;1200;1016
EXP1;MICAL1-3;607;41;56;900;400
EXP1;MICAL1-3;608;57;80;272;716
EXP1;MICAL1-3;609;72;92;900;1000
EXP1;MICAL1-3;610;92;108;1475;755
EXP1;MICAL1-3;611;142;150;250;560
EXP1;MICAL1-3;612;153;166;519;740
EXP1;MICAL1-3;613;156;170;600;876
EXP1;MICAL1-3;614;157;178;620;400
EXP1;MICAL1-3;615;162;171;1130;776
EXP1;MICAL1-3;616;164;175;1077;150
EXP1;MICAL1-3;617;164;173;1167;478
EXP1;MICAL1-3;618;173;185;1000;270
EXP1;MICAL1-3;619;175;182;1400;300
EXP1;MICAL1-3;620;180;190;640;250
EXP1;MICAL1-3;621;181;191;975;600
EXP1;MICAL1-3;622;182;192;1050;438
EXP1;MICAL1-3;623;184;195;354;836
EXP1;MICAL1-3;624;202;212;664;615
EXP1;MICAL1-3;625;203;214;809;870
EXP1;MICAL1-3;626;206;212;90;560
EXP1;MICAL1-3;627;210;216;1500;700
EXP1;MICAL1-3;628;211;212;1400;129
EXP1;MICAL1-3;629;213;223;944;867
EXP1;MICAL1-3;630;214;229;1100;992
EXP1;MICAL1-3;631;217;229;1464;384
EXP1;MICAL1-3;632;227;240;1182;876
EXP1;MICAL1-2;633;4;19;560;580
EXP1;MICAL1-2;634;71;81;250;225
EXP1;MICAL1-2;635;82;94;900;825
EXP1;MICAL1-2;636;84;95;215;860
EXP1;MICAL1-2;637;91;103;477;313
EXP1;MICAL1-2;638;107;122;270;450
EXP1;MICAL1-2;639;109;121;436;686
EXP1;MICAL1-2;640;136;144;668;752
EXP1;MICAL1-2;641;140;147;1350;930
EXP1;MICAL1-2;642;157;170;950;430
EXP1;MICAL1-2;643;203;211;600;500
EXP1;MICAL1-2;644;204;212;250;280
EXP1;MICAL1-2;645;211;222;1250;430
EXP1;MICAL1-2;646;223;232;226;530
EXP1;MICAL1-2;647;223;232;428;536
EXP1;MICAL1-2;648;227;235;850;885
EXP1;MICAL1-1;649;9;22;1415;365
EXP1;MICAL1-1;650;19;34;1518;160
EXP1;MICAL1-1;651;49;60;780;660
EXP1;MICAL1-1;652;65;79;1500;138
EXP1;MICAL1-1;653;169;179;650;750
EXP1;MICAL1-1;654;181;193;517;600
EXP1;MICAL1-1;655;193;212;1100;70
EXP1;MICAL1-1;656;200;211;750;725
EXP1;MICAL1-1;657;224;232;94;934
EXP2;siControl-10;1;8;20;1489;793
EXP2;siControl-10;2;67;77;388;648
EXP2;siControl-10;3;68;81;1482;92
EXP2;siControl-10;4;68;79;349;944
EXP2;siControl-10;5;90;117;457;414
EXP2;siControl-10;6;98;109;1228;148
EXP2;siControl-10;7;104;115;1088;506
EXP2;siControl-10;8;105;123;1286;648
EXP2;siControl-10;9;108;119;1362;310
EXP2;siControl-10;10;109;121;1049;732
EXP2;siControl-10;11;113;131;1350;896
EXP2;siControl-10;12;122;137;108;381
EXP2;siControl-10;13;126;135;860;540
EXP2;siControl-10;14;129;138;585;169
EXP2;siControl-10;15;139;151;830;221
EXP2;siControl-10;16;142;151;958;214
EXP2;siControl-10;17;147;165;1385;1004
EXP2;siControl-10;18;164;173;680;66
EXP2;siControl-10;19;190;198;1442;30
EXP2;siControl-10;20;191;201;1492;204
EXP2;siControl-10;21;191;202;1501;744
EXP2;siControl-10;22;194;202;296;644
EXP2;siControl-10;23;194;205;510;638
EXP2;siControl-10;24;201;217;308;481
EXP2;siControl-10;25;209;232;569;348
EXP2;siControl-10;26;232;246;1329;674
EXP2;siControl-10;27;235;250;937;650
EXP2;siControl-9;28;2;28;1265;352
EXP2;siControl-9;29;7;20;542;408
EXP2;siControl-9;30;17;31;108;848
EXP2;siControl-9;31;23;34;148;881
EXP2;siControl-9;32;33;40;986;618
EXP2;siControl-9;33;36;44;886;253
EXP2;siControl-9;34;37;51;456;226
EXP2;siControl-9;35;55;67;257;445
EXP2;siControl-9;36;74;91;626;934
EXP2;siControl-9;37;84;91;1362;841
EXP2;siControl-9;38;95;105;1210;1012
EXP2;siControl-9;39;118;133;1072;449
EXP2;siControl-9;40;122;133;1277;397
EXP2;siControl-9;41;123;145;278;620
EXP2;siControl-9;42;125;138;1384;204
EXP2;siControl-9;43;130;148;501;337
EXP2;siControl-9;44;137;146;529;464
EXP2;siControl-9;45;139;153;945;540
EXP2;siControl-9;46;141;154;1417;669
EXP2;siControl-9;47;156;166;230;912
EXP2;siControl-9;48;162;171;789;381
EXP2;siControl-9;49;187;200;376;820
EXP2;siControl-9;50;189;197;613;761
EXP2;siControl-9;51;191;200;557;1041
EXP2;siControl-9;52;199;212;264;450
EXP2;siControl-9;53;213;224;1132;998
EXP2;siControl-9;54;216;224;966;792
EXP2;siControl-9;55;219;229;420;1049
EXP2;siControl-9;56;226;235;404;245
EXP2;siControl-9;57;228;239;1302;169
EXP2;siControl-9;58;232;245;1458;194
EXP2;siControl-9;59;249;261;1202;582
EXP2;siControl-9;60;253;265;1404;876
EXP2;siControl-8;61;11;23;1021;356
EXP2;siControl-8;62;18;37;1246;796
EXP2;siControl-8;63;25;35;842;944
EXP2;siControl-8;64;34;42;1336;798
EXP2;siControl-8;65;38;63;1225;616
EXP2;siControl-8;66;40;58;581;89
EXP2;siControl-8;67;48;57;568;409
EXP2;siControl-8;68;53;65;33;138
EXP2;siControl-8;69;75;88;561;866
EXP2;siControl-8;70;77;87;153;804
EXP2;siControl-8;71;77;89;378;430
EXP2;siControl-8;72;80;90;854;526
EXP2;siControl-8;73;132;144;1036;170
EXP2;siControl-8;74;139;157;834;684
EXP2;siControl-8;75;139;149;677;897
EXP2;siControl-8;76;145;157;1096;854
EXP2;siControl-8;77;145;153;1372;858
EXP2;siControl-8;78;159;167;734;1000
EXP2;siControl-8;79;161;174;920;505
EXP2;siControl-8;80;164;174;176;265
EXP2;siControl-8;81;164;175;1349;501
EXP2;siControl-8;82;166;179;1232;672
EXP2;siControl-8;83;168;183;1085;485
EXP2;siControl-8;84;171;180;1022;822
EXP2;siControl-8;85;176;184;324;61
EXP2;siControl-8;86;179;187;1286;288
EXP2;siControl-8;87;178;188;26;756
EXP2;siControl-8;88;195;208;516;774
EXP2;siControl-8;89;196;205;225;721
EXP2;siControl-8;90;196;206;248;932
EXP2;siControl-8;91;203;217;546;237
EXP2;siControl-8;92;204;217;652;464
EXP2;siControl-8;93;205;215;580;578
EXP2;siControl-8;94;212;220;1285;737
EXP2;siControl-8;95;214;227;774;109
EXP2;siControl-8;96;225;237;254;396
EXP2;siControl-8;97;238;251;433;293
EXP2;siControl-7;98;9;22;1216;790
EXP2;siControl-7;99;15;26;534;596
EXP2;siControl-7;100;54;63;454;1042
EXP2;siControl-7;101;59;73;1400;486
EXP2;siControl-7;102;69;89;1536;406
EXP2;siControl-7;103;80;94;548;20
EXP2;siControl-7;104;86;96;968;240
EXP2;siControl-7;105;88;102;1284;52
EXP2;siControl-7;106;92;115;1262;164
EXP2;siControl-7;107;96;108;392;58
EXP2;siControl-7;108;104;115;540;384
EXP2;siControl-7;109;107;124;190;534
EXP2;siControl-7;110;118;131;484;470
EXP2;siControl-7;111;120;130;1532;946
EXP2;siControl-7;112;124;139;734;14
EXP2;siControl-7;113;127;141;646;278
EXP2;siControl-7;114;132;145;1080;1036
EXP2;siControl-7;115;156;167;1346;548
EXP2;siControl-7;116;159;168;672;590
EXP2;siControl-7;117;160;173;1222;868
EXP2;siControl-7;118;168;192;1050;802
EXP2;siControl-7;119;184;191;324;780
EXP2;siControl-7;120;185;196;1498;660
EXP2;siControl-7;121;201;210;1374;438
EXP2;siControl-7;122;207;216;974;204
EXP2;siControl-7;123;217;229;444;198
EXP2;siControl-7;124;221;244;1226;134
EXP2;siControl-7;125;225;242;438;336
EXP2;siControl-7;126;226;234;746;1016
EXP2;siControl-7;127;229;247;1534;60
EXP2;siControl-7;128;243;256;1214;798
EXP2;siControl-7;129;243;258;1418;886
EXP2;siControl-7;130;265;277;612;384
EXP2;siControl-6;131;17;43;396;188
EXP2;siControl-6;132;32;61;1204;790
EXP2;siControl-6;133;37;51;580;626
EXP2;siControl-6;134;43;55;502;458
EXP2;siControl-6;135;48;57;58;412
EXP2;siControl-6;136;51;61;1532;724
EXP2;siControl-6;137;59;84;764;786
EXP2;siControl-6;138;67;90;774;236
EXP2;siControl-6;139;79;92;1352;400
EXP2;siControl-6;140;84;95;940;366
EXP2;siControl-6;141;98;122;408;1050
EXP2;siControl-6;142;107;128;228;174
EXP2;siControl-6;143;108;118;990;106
EXP2;siControl-6;144;154;166;1372;744
EXP2;siControl-6;145;156;174;220;318
EXP2;siControl-6;146;157;173;1196;600
EXP2;siControl-6;147;176;185;276;632
EXP2;siControl-6;148;180;187;190;456
EXP2;siControl-6;149;182;192;998;1018
EXP2;siControl-6;150;186;195;850;674
EXP2;siControl-6;151;188;198;794;256
EXP2;siControl-6;152;192;201;1226;850
EXP2;siControl-6;153;195;207;832;464
EXP2;siControl-6;154;196;209;372;834
EXP2;siControl-6;155;199;210;1320;430
EXP2;siControl-6;156;204;215;698;526
EXP2;siControl-6;157;206;217;566;270
EXP2;siControl-6;158;216;224;22;400
EXP2;siControl-6;159;218;230;666;1036
EXP2;siControl-6;160;228;243;386;1002
EXP2;siControl-6;161;233;245;1016;292
EXP2;siControl-6;162;234;248;524;156
EXP2;siControl-6;163;255;270;920;36
EXP2;siControl-5;164;6;17;960;734
EXP2;siControl-5;165;7;19;490;228
EXP2;siControl-5;166;8;18;84;314
EXP2;siControl-5;167;11;20;60;660
EXP2;siControl-5;168;15;24;236;296
EXP2;siControl-5;169;18;29;772;380
EXP2;siControl-5;170;21;29;516;838
EXP2;siControl-5;171;40;50;1050;434
EXP2;siControl-5;172;46;58;1214;212
EXP2;siControl-5;173;64;80;1212;528
EXP2;siControl-5;174;75;94;400;860
EXP2;siControl-5;175;109;121;156;198
EXP2;siControl-5;176;113;123;106;526
EXP2;siControl-5;177;114;124;1402;314
EXP2;siControl-5;178;121;129;522;544
EXP2;siControl-5;179;122;132;1202;858
EXP2;siControl-5;180;125;136;498;80
EXP2;siControl-5;181;135;146;1420;840
EXP2;siControl-5;182;135;157;638;880
EXP2;siControl-5;183;139;148;424;206
EXP2;siControl-5;184;143;151;206;588
EXP2;siControl-5;185;150;159;1050;716
EXP2;siControl-5;186;154;162;678;452
EXP2;siControl-5;187;162;170;320;332
EXP2;siControl-5;188;163;172;1106;208
EXP2;siControl-5;189;164;173;670;278
EXP2;siControl-5;190;166;175;868;702
EXP2;siControl-5;191;170;180;1324;108
EXP2;siControl-5;192;170;181;1008;1042
EXP2;siControl-5;193;173;183;446;726
EXP2;siControl-5;194;173;183;1390;458
EXP2;siControl-5;195;175;183;942;408
EXP2;siControl-5;196;180;187;790;198
EXP2;siControl-5;197;183;194;1134;574
EXP2;siControl-5;198;202;211;96;852
EXP2;siControl-5;199;205;216;332;1030
EXP2;siControl-5;200;218;231;288;796
EXP2;siControl-5;201;232;240;84;738
EXP2;siControl-5;202;241;249;502;48
EXP2;siControl-5;203;244;254;120;68
EXP2;siControl-5;204;246;254;68;458
EXP2;siControl-5;205;253;267;192;218
EXP2;siControl-5;206;255;273;720;840
EXP2;siControl-4;207;12;26;1106;660
EXP2;siControl-4;208;37;68;477;648
EXP2;siControl-4;209;43;62;276;876
EXP2;siControl-4;210;61;71;917;569
EXP2;siControl-4;211;69;76;1005;194
EXP2;siControl-4;212;68;77;1221;465
EXP2;siControl-4;213;72;83;1364;1026
EXP2;siControl-4;214;78;92;554;867
EXP2;siControl-4;215;133;148;102;500
EXP2;siControl-4;216;167;175;665;942
EXP2;siControl-4;217;173;186;286;730
EXP2;siControl-4;218;181;195;62;968
EXP2;siControl-4;219;196;208;388;389
EXP2;siControl-4;220;199;209;809;187
EXP2;siControl-4;221;204;212;48;181
EXP2;siControl-4;222;219;230;537;149
EXP2;siControl-3;223;13;23;1208;402
EXP2;siControl-3;224;41;58;357;465
EXP2;siControl-3;225;44;65;1062;92
EXP2;siControl-3;226;40;53;330;721
EXP2;siControl-3;227;55;68;574;80
EXP2;siControl-3;228;66;79;570;773
EXP2;siControl-3;229;83;95;720;36
EXP2;siControl-3;230;90;98;738;249
EXP2;siControl-3;231;107;113;788;312
EXP2;siControl-3;232;135;145;1169;984
EXP2;siControl-3;233;149;165;1441;528
EXP2;siControl-3;234;157;169;1110;414
EXP2;siControl-3;235;162;171;358;356
EXP2;siControl-3;236;167;172;342;853
EXP2;siControl-3;237;186;196;1321;293
EXP2;siControl-3;238;190;200;1236;240
EXP2;siControl-3;239;207;215;522;904
EXP2;siControl-3;240;207;215;500;325
EXP2;siControl-3;241;216;222;1020;773
EXP2;siControl-3;242;219;229;1098;564
EXP2;siControl-3;243;226;233;717;482
EXP2;siControl-3;244;229;238;836;282
EXP2;siControl-2;245;21;36;772;844
EXP2;siControl-2;246;28;37;1340;513
EXP2;siControl-2;247;42;59;1281;301
EXP2;siControl-2;248;63;72;700;433
EXP2;siControl-2;249;79;89;393;604
EXP2;siControl-2;250;80;90;390;162
EXP2;siControl-2;251;81;89;525;222
EXP2;siControl-2;252;76;87;690;216
EXP2;siControl-2;253;87;111;966;308
EXP2;siControl-2;254;103;117;1081;188
EXP2;siControl-2;255;103;125;458;896
EXP2;siControl-2;256;112;129;758;573
EXP2;siControl-2;257;131;143;540;1014
EXP2;siControl-2;258;153;163;925;786
EXP2;siControl-2;259;147;158;672;869
EXP2;siControl-2;260;130;145;840;318
EXP2;siControl-2;261;183;192;1545;809
EXP2;siControl-2;262;203;209;445;66
EXP2;siControl-2;263;203;213;290;254
EXP2;siControl-2;264;217;238;418;330
EXP2;siControl-2;265;244;259;920;481
EXP2;siControl-2;266;245;260;960;929
EXP2;siControl-2;267;254;268;930;338
EXP2;siControl-2;268;251;261;829;277
EXP2;siControl-1;269;12;25;184;849
EXP2;siControl-1;270;33;46;1202;238
EXP2;siControl-1;271;60;71;889;216
EXP2;siControl-1;272;94;107;608;453
EXP2;siControl-1;273;99;114;498;338
EXP2;siControl-1;274;101;122;101;386
EXP2;siControl-1;275;117;131;430;317
EXP2;siControl-1;276;164;177;809;116
EXP2;siControl-1;277;168;173;766;244
EXP2;siControl-1;278;148;165;122;874
EXP2;siControl-1;279;164;177;810;114
EXP2;siControl-1;280;184;193;1330;192
EXP2;siControl-1;281;189;204;977;42
EXP2;siControl-1;282;196;211;634;686
EXP2;siControl-1;283;219;230;466;748
EXP2;siControl-1;284;238;251;248;222
EXP2;siControl-1;285;234;258;89;528
EXP2;siControl-1;286;257;271;162;926
EXP2;siControl-1;287;224;237;765;533
EXP2;siCEP55-10;288;18;32;133;518
EXP2;siCEP55-10;289;18;67;1309;456
EXP2;siCEP55-10;290;20;55;1406;829
EXP2;siCEP55-10;291;33;86;1541;569
EXP2;siCEP55-10;292;63;74;901;376
EXP2;siCEP55-10;293;70;176;441;688
EXP2;siCEP55-10;294;122;129;1381;205
EXP2;siCEP55-10;295;138;166;1373;640
EXP2;siCEP55-10;296;143;179;104;438
EXP2;siCEP55-10;297;151;176;1474;520
EXP2;siCEP55-10;298;193;267;436;688
EXP2;siCEP55-10;299;206;282;713;838
EXP2;siCEP55-10;300;246;287;1397;130
EXP2;siCEP55-9;301;15;64;402;684
EXP2;siCEP55-9;302;72;143;1398;877
EXP2;siCEP55-9;303;75;108;1376;542
EXP2;siCEP55-9;304;87;147;996;442
EXP2;siCEP55-9;305;195;235;1413;628
EXP2;siCEP55-9;306;198;232;1438;260
EXP2;siCEP55-9;307;206;276;1248;738
EXP2;siCEP55-9;308;180;207;1504;974
EXP2;siCEP55-9;309;219;248;1041;448
EXP2;siCEP55-9;310;238;264;818;808
EXP2;siCEP55-8;311;44;101;786;189
EXP2;siCEP55-8;312;82;92;192;320
EXP2;siCEP55-8;313;114;141;397;420
EXP2;siCEP55-8;314;191;202;828;277
EXP2;siCEP55-7;315;16;56;707;1058
EXP2;siCEP55-7;316;25;95;634;452
EXP2;siCEP55-7;317;35;61;220;539
EXP2;siCEP55-7;318;56;107;778;201
EXP2;siCEP55-7;319;79;116;249;64
EXP2;siCEP55-7;320;101;128;1431;565
EXP2;siCEP55-7;321;105;115;1522;935
EXP2;siCEP55-7;322;107;155;1402;462
EXP2;siCEP55-7;323;110;156;1339;819
EXP2;siCEP55-7;324;157;246;521;773
EXP2;siCEP55-7;325;177;210;383;515
EXP2;siCEP55-7;326;192;209;609;641
EXP2;siCEP55-7;327;224;247;217;44
EXP2;siCEP55-7;328;225;240;1498;448
EXP2;siCEP55-7;329;228;254;1293;384
EXP2;siCEP55-6;330;28;48;896;934
EXP2;siCEP55-6;331;59;94;505;855
EXP2;siCEP55-6;332;70;93;1251;565
EXP2;siCEP55-6;333;114;234;736;768
EXP2;siCEP55-6;334;190;215;1063;606
EXP2;siCEP55-6;335;195;265;1188;22
EXP2;siCEP55-6;336;209;240;1345;350
EXP2;siCEP55-6;337;215;237;1279;77
EXP2;siCEP55-5;338;16;56;518;904
EXP2;siCEP55-5;339;25;97;444;294
EXP2;siCEP55-5;340;42;68;108;814
EXP2;siCEP55-5;341;56;106;584;48
EXP2;siCEP55-5;342;83;213;963;858
EXP2;siCEP55-5;343;101;126;1242;415
EXP2;siCEP55-5;344;105;122;1327;775
EXP2;siCEP55-5;345;107;153;1204;308
EXP2;siCEP55-5;346;110;157;1140;657
EXP2;siCEP55-5;347;157;247;331;620
EXP2;siCEP55-5;348;170;194;172;818
EXP2;siCEP55-5;349;171;193;514;36
EXP2;siCEP55-5;350;177;210;186;364
EXP2;siCEP55-5;351;217;241;1278;878
EXP2;siCEP55-5;352;225;239;1300;294
EXP2;siCEP55-5;353;228;253;1092;226
EXP2;siCEP55-4;354;47;117;728;328
EXP2;siCEP55-4;355;52;96;186;653
EXP2;siCEP55-4;356;60;145;410;661
EXP2;siCEP55-4;357;113;125;485;182
EXP2;siCEP55-4;358;94;131;453;909
EXP2;siCEP55-4;359;90;128;80;898
EXP2;siCEP55-4;360;188;224;285;656
EXP2;siCEP55-4;361;191;236;66;590
EXP2;siCEP55-4;362;227;254;257;1010
EXP2;siCEP55-4;363;230;251;272;1008
EXP2;siCEP55-4;364;247;281;200;444
EXP2;siCEP55-3;365;13;22;389;621
EXP2;siCEP55-3;366;78;120;802;222
EXP2;siCEP55-3;367;80;126;1285;386
EXP2;siCEP55-3;368;72;180;305;118
EXP2;siCEP55-3;369;116;125;316;425
EXP2;siCEP55-3;370;85;114;1258;186
EXP2;siCEP55-3;371;84;110;948;310
EXP2;siCEP55-3;372;149;158;193;924
EXP2;siCEP55-3;373;126;162;552;344
EXP2;siCEP55-3;374;173;217;522;728
EXP2;siCEP55-3;375;200;214;773;474
EXP2;siCEP55-3;376;205;224;698;324
EXP2;siCEP55-3;377;211;232;1076;312
EXP2;siCEP55-3;378;216;257;905;153
EXP2;siCEP55-3;379;217;242;1094;210
EXP2;siCEP55-3;380;202;209;1356;232
EXP2;siCEP55-3;381;205;226;697;325
EXP2;siCEP55-3;382;209;240;1320;156
EXP2;siCEP55-1;383;3;28;953;704
EXP2;siCEP55-1;384;8;97;753;650
EXP2;siCEP55-1;385;20;90;598;298
EXP2;siCEP55-1;386;20;78;773;494
EXP2;siCEP55-1;387;69;149;1102;56
EXP2;siCEP55-1;388;104;142;33;898
EXP2;siCEP55-1;389;127;162;1130;534
EXP2;siCEP55-1;390;119;167;1310;612
EXP2;siCEP55-1;391;138;165;128;344
EXP2;siCEP55-1;392;138;177;668;605
EXP2;siCEP55-1;393;135;196;516;224
EXP2;siCEP55-1;394;251;269;993;752
EXP2;siCEP55-1;395;259;282;325;342
EXP2;siMICAL1-10;396;36;44;482;414
EXP2;siMICAL1-10;397;36;46;112;236
EXP2;siMICAL1-10;398;51;65;529;90
EXP2;siMICAL1-10;399;57;66;322;225
EXP2;siMICAL1-10;400;58;72;188;62
EXP2;siMICAL1-10;401;70;82;1050;376
EXP2;siMICAL1-10;402;76;92;1272;65
EXP2;siMICAL1-10;403;78;91;654;737
EXP2;siMICAL1-10;404;86;95;722;404
EXP2;siMICAL1-10;405;86;98;986;94
EXP2;siMICAL1-10;406;91;101;264;808
EXP2;siMICAL1-10;407;97;110;1538;490
EXP2;siMICAL1-10;408;120;130;1392;529
EXP2;siMICAL1-10;409;121;131;1557;622
EXP2;siMICAL1-10;410;134;143;1400;326
EXP2;siMICAL1-10;411;154;163;1485;945
EXP2;siMICAL1-10;412;164;175;772;526
EXP2;siMICAL1-10;413;169;178;1005;452
EXP2;siMICAL1-10;414;177;185;49;454
EXP2;siMICAL1-10;415;179;185;498;381
EXP2;siMICAL1-10;416;185;197;168;270
EXP2;siMICAL1-10;417;193;202;402;266
EXP2;siMICAL1-10;418;202;211;1537;373
EXP2;siMICAL1-10;419;203;214;249;69
EXP2;siMICAL1-10;420;204;214;337;328
EXP2;siMICAL1-10;421;205;215;762;341
EXP2;siMICAL1-10;422;215;223;616;336
EXP2;siMICAL1-10;423;216;229;202;785
EXP2;siMICAL1-10;424;217;224;220;764
EXP2;siMICAL1-10;425;229;240;526;618
EXP2;siMICAL1-10;426;231;238;1161;378
EXP2;siMICAL1-10;427;234;244;1276;529
EXP2;siMICAL1-9;428;4;18;1286;528
EXP2;siMICAL1-9;429;13;26;694;501
EXP2;siMICAL1-9;430;36;51;229;405
EXP2;siMICAL1-9;431;75;89;1185;266
EXP2;siMICAL1-9;432;91;109;836;128
EXP2;siMICAL1-9;433;104;116;538;594
EXP2;siMICAL1-9;434;108;121;189;948
EXP2;siMICAL1-9;435;114;125;698;276
EXP2;siMICAL1-9;436;116;131;394;810
EXP2;siMICAL1-9;437;116;128;349;488
EXP2;siMICAL1-9;438;129;139;1128;770
EXP2;siMICAL1-9;439;130;140;862;442
EXP2;siMICAL1-9;440;137;147;662;489
EXP2;siMICAL1-9;441;144;155;574;165
EXP2;siMICAL1-9;442;152;165;833;940
EXP2;siMICAL1-9;443;166;175;1057;1022
EXP2;siMICAL1-9;444;167;176;992;554
EXP2;siMICAL1-9;445;173;184;1372;102
EXP2;siMICAL1-9;446;180;193;1037;722
EXP2;siMICAL1-9;447;185;192;272;281
EXP2;siMICAL1-9;448;187;195;1106;172
EXP2;siMICAL1-9;449;188;206;1322;888
EXP2;siMICAL1-9;450;220;231;490;857
EXP2;siMICAL1-9;451;230;250;758;109
EXP2;siMICAL1-9;452;232;241;596;228
EXP2;siMICAL1-9;453;237;250;768;334
EXP2;siMICAL1-9;454;241;250;492;401
EXP2;siMICAL1-9;455;266;280;1224;685
EXP2;siMICAL1-9;456;271;289;396;773
EXP2;siMICAL1-8;457;19;31;1480;693
EXP2;siMICAL1-8;458;35;47;976;261
EXP2;siMICAL1-8;459;51;63;605;486
EXP2;siMICAL1-8;460;53;62;725;78
EXP2;siMICAL1-8;461;60;72;972;557
EXP2;siMICAL1-8;462;62;78;594;682
EXP2;siMICAL1-8;463;76;92;1165;840
EXP2;siMICAL1-8;464;82;100;285;702
EXP2;siMICAL1-8;465;98;113;664;196
EXP2;siMICAL1-8;466;164;173;1533;982
EXP2;siMICAL1-8;467;174;184;1126;582
EXP2;siMICAL1-8;468;175;183;890;357
EXP2;siMICAL1-8;469;175;183;1234;254
EXP2;siMICAL1-8;470;181;189;781;770
EXP2;siMICAL1-8;471;188;197;576;594
EXP2;siMICAL1-8;472;190;198;316;440
EXP2;siMICAL1-8;473;200;211;657;436
EXP2;siMICAL1-8;474;202;211;1350;1004
EXP2;siMICAL1-8;475;207;218;1132;737
EXP2;siMICAL1-8;476;225;241;352;705
EXP2;siMICAL1-8;477;227;260;176;514
EXP2;siMICAL1-8;478;238;252;589;244
EXP2;siMICAL1-8;479;273;282;1465;941
EXP2;siMICAL1-7;480;16;36;548;593
EXP2;siMICAL1-7;481;37;58;836;514
EXP2;siMICAL1-7;482;45;62;1260;915
EXP2;siMICAL1-7;483;53;61;911;912
EXP2;siMICAL1-7;484;66;84;1146;53
EXP2;siMICAL1-7;485;74;92;1459;148
EXP2;siMICAL1-7;486;111;129;1121;567
EXP2;siMICAL1-7;487;117;135;1453;293
EXP2;siMICAL1-7;488;145;157;546;626
EXP2;siMICAL1-7;489;147;157;233;591
EXP2;siMICAL1-7;490;159;170;1226;798
EXP2;siMICAL1-7;491;165;175;1263;1072
EXP2;siMICAL1-7;492;185;195;787;841
EXP2;siMICAL1-7;493;185;197;949;989
EXP2;siMICAL1-7;494;187;202;1494;720
EXP2;siMICAL1-7;495;195;205;1095;296
EXP2;siMICAL1-7;496;223;238;433;481
EXP2;siMICAL1-7;497;259;277;583;818
EXP2;siMICAL1-6;498;13;26;167;213
EXP2;siMICAL1-6;499;14;24;366;223
EXP2;siMICAL1-6;500;36;46;109;530
EXP2;siMICAL1-6;501;36;45;698;626
EXP2;siMICAL1-6;502;51;69;1500;189
EXP2;siMICAL1-6;503;74;86;73;136
EXP2;siMICAL1-6;504;101;115;966;381
EXP2;siMICAL1-6;505;110;120;971;760
EXP2;siMICAL1-6;506;119;131;441;101
EXP2;siMICAL1-6;507;134;143;155;326
EXP2;siMICAL1-6;508;155;170;1175;944
EXP2;siMICAL1-6;509;159;167;115;1003
EXP2;siMICAL1-6;510;174;184;195;635
EXP2;siMICAL1-6;511;177;185;61;501
EXP2;siMICAL1-6;512;181;189;1084;632
EXP2;siMICAL1-6;513;190;196;756;790
EXP2;siMICAL1-6;514;192;201;626;505
EXP2;siMICAL1-6;515;218;228;948;402
EXP2;siMICAL1-6;516;221;248;60;188
EXP2;siMICAL1-6;517;226;235;472;611
EXP2;siMICAL1-6;518;230;246;886;299
EXP2;siMICAL1-6;519;231;242;1130;609
EXP2;siMICAL1-6;520;234;243;918;898
EXP2;siMICAL1-6;521;274;285;430;95
EXP2;siMICAL1-5;522;5;24;1194;139
EXP2;siMICAL1-5;523;6;24;1328;403
EXP2;siMICAL1-5;524;24;40;863;1002
EXP2;siMICAL1-5;525;30;40;949;913
EXP2;siMICAL1-5;526;31;44;1284;960
EXP2;siMICAL1-5;527;54;73;589;953
EXP2;siMICAL1-5;528;55;70;54;825
EXP2;siMICAL1-5;529;70;85;178;1013
EXP2;siMICAL1-5;530;76;90;285;917
EXP2;siMICAL1-5;531;83;100;1260;376
EXP2;siMICAL1-5;532;123;140;472;485
EXP2;siMICAL1-5;533;161;172;640;953
EXP2;siMICAL1-5;534;170;183;818;802
EXP2;siMICAL1-5;536;184;195;1073;858
EXP2;siMICAL1-5;537;185;211;1113;90
EXP2;siMICAL1-5;538;186;196;842;1042
EXP2;siMICAL1-5;539;196;220;1252;632
EXP2;siMICAL1-5;540;197;207;242;948
EXP2;siMICAL1-5;541;198;212;976;442
EXP2;siMICAL1-5;542;202;213;348;906
EXP2;siMICAL1-5;543;211;220;134;998
EXP2;siMICAL1-5;544;210;221;1206;1005
EXP2;siMICAL1-5;545;217;226;237;1041
EXP2;siMICAL1-4;546;12;26;1401;551
EXP2;siMICAL1-4;547;28;36;1445;562
EXP2;siMICAL1-4;548;55;71;1298;380
EXP2;siMICAL1-4;549;67;77;345;296
EXP2;siMICAL1-4;550;92;101;661;601
EXP2;siMICAL1-4;551;95;104;1017;1078
EXP2;siMICAL1-4;552;116;132;762;282
EXP2;siMICAL1-4;553;117;126;672;816
EXP2;siMICAL1-4;554;133;146;200;696
EXP2;siMICAL1-4;556;169;177;167;416
EXP2;siMICAL1-4;557;203;211;362;500
EXP2;siMICAL1-4;558;205;213;546;528
EXP2;siMICAL1-4;559;207;218;797;617
EXP2;siMICAL1-4;560;209;227;1029;932
EXP2;siMICAL1-4;561;247;259;609;720
EXP2;siMICAL1-4;562;249;259;660;116
EXP2;siMICAL1-4;563;250;263;845;452
EXP2;siMICAL1-4;564;259;270;878;195
EXP2;siMICAL1-4;565;265;278;625;875
EXP2;siMICAL1-3;566;8;17;769;388
EXP2;siMICAL1-3;567;13;31;986;712
EXP2;siMICAL1-3;568;38;62;734;873
EXP2;siMICAL1-3;569;59;70;1021;596
EXP2;siMICAL1-3;570;64;101;593;385
EXP2;siMICAL1-3;571;89;102;1436;788
EXP2;siMICAL1-3;572;132;141;905;726
EXP2;siMICAL1-3;573;146;158;688;772
EXP2;siMICAL1-3;574;151;161;152;948
EXP2;siMICAL1-3;575;185;195;1029;737
EXP2;siMICAL1-3;576;195;203;842;1002
EXP2;siMICAL1-3;577;203;213;862;401
EXP2;siMICAL1-3;578;204;213;1277;745
EXP2;siMICAL1-3;579;214;224;1552;830
EXP2;siMICAL1-3;580;221;233;1456;684
EXP2;siMICAL1-3;581;225;239;752;1065
EXP2;siMICAL1-3;582;234;254;677;190
EXP2;siMICAL1-3;583;233;255;749;654
EXP2;siMICAL1-3;584;251;261;1258;937
EXP2;siMICAL1-3;585;257;266;838;618
EXP2;siMICAL1-3;586;261;274;898;820
EXP2;siMICAL1-3;587;273;284;234;949
EXP2;siMICAL1-3;588;277;288;302;894
EXP2;siMICAL1-2;589;33;40;1437;965
EXP2;siMICAL1-2;590;76;93;316;758
EXP2;siMICAL1-2;591;82;95;957;101
EXP2;siMICAL1-2;592;84;98;373;401
EXP2;siMICAL1-2;593;125;137;1277;401
EXP2;siMICAL1-2;594;140;152;680;362
EXP2;siMICAL1-2;595;142;165;1524;720
EXP2;siMICAL1-2;596;167;185;1014;605
EXP2;siMICAL1-2;597;196;205;1249;924
EXP2;siMICAL1-2;598;206;214;1033;209
EXP2;siMICAL1-2;599;217;245;814;797
EXP2;siMICAL1-2;600;276;289;829;936
EXP2;siMICAL1-1;601;2;27;1078;192
EXP2;siMICAL1-1;602;19;34;872;298
EXP2;siMICAL1-1;603;54;67;200;592
EXP2;siMICAL1-1;604;65;90;750;542
EXP2;siMICAL1-1;605;84;100;249;684
EXP2;siMICAL1-1;606;115;127;450;128
EXP2;siMICAL1-1;607;121;137;324;810
EXP2;siMICAL1-1;608;127;141;153;398
EXP2;siMICAL1-1;609;143;166;656;853
EXP2;siMICAL1-1;610;161;178;814;294
EXP2;siMICAL1-1;611;160;174;933;374
EXP2;siMICAL1-1;612;127;152;1262;594
EXP2;siMICAL1-1;613;136;149;400;317
EXP2;siMICAL1-1;614;143;161;941;740
EXP2;siMICAL1-1;615;144;166;656;853
EXP2;siMICAL1-1;616;161;188;1529;860
EXP2;siMICAL1-1;617;185;201;640;589
EXP2;siMICAL1-1;618;195;210;928;477
EXP2;siMICAL1-1;619;218;239;920;176
EXP2;siMICAL1-1;620;227;246;104;720
EXP2;siMICAL1-1;621;235;253;1370;660
EXP2;siMICAL1-1;622;263;274;374;777
EXP3;Control-10;1;35;52;910;65
EXP3;Control-10;2;38;55;994;405
EXP3;Control-10;3;49;68;282;900
EXP3;Control-10;4;55;72;80;893
EXP3;Control-10;5;60;72;113;465
EXP3;Control-10;6;65;75;450;500
EXP3;Control-10;7;73;84;614;684
EXP3;Control-10;8;74;89;1145;920
EXP3;Control-10;9;93;106;1300;670
EXP3;Control-10;10;101;112;535;198
EXP3;Control-10;11;104;114;1377;312
EXP3;Control-10;12;119;136;1486;708
EXP3;Control-10;13;193;204;277;887
EXP3;Control-10;14;203;212;1103;1055
EXP3;Control-10;15;221;231;765;80
EXP3;Control-10;16;231;241;520;190
EXP3;Control-10;17;255;262;1230;668
EXP3;Control-10;18;257;266;1296;807
EXP3;Control-9;19;13;25;640;220
EXP3;Control-9;20;23;37;970;250
EXP3;Control-9;21;55;63;700;915
EXP3;Control-9;22;69;79;506;742
EXP3;Control-9;23;71;86;350;500
EXP3;Control-9;24;81;95;888;50
EXP3;Control-9;25;82;97;98;720
EXP3;Control-9;26;83;96;1062;109
EXP3;Control-9;27;94;110;966;1011
EXP3;Control-9;28;105;118;1546;665
EXP3;Control-9;29;127;150;366;1037
EXP3;Control-9;30;126;137;1120;613
EXP3;Control-9;31;131;151;1278;740
EXP3;Control-9;32;137;152;324;824
EXP3;Control-9;33;143;157;1072;240
EXP3;Control-9;34;143;160;1485;500
EXP3;Control-9;35;147;157;713;225
EXP3;Control-9;36;147;161;1340;660
EXP3;Control-9;37;150;163;930;360
EXP3;Control-9;38;167;180;710;1050
EXP3;Control-9;39;180;188;760;850
EXP3;Control-9;40;184;190;740;486
EXP3;Control-9;41;186;207;561;715
EXP3;Control-9;42;191;206;390;560
EXP3;Control-9;43;191;203;570;892
EXP3;Control-9;44;219;231;83;731
EXP3;Control-9;45;219;229;1430;790
EXP3;Control-9;46;238;248;1060;1070
EXP3;Control-9;47;240;247;980;950
EXP3;Control-9;48;240;250;1490;350
EXP3;Control-9;49;255;267;385;656
EXP3;Control-9;50;266;273;475;360
EXP3;Control-9;51;268;276;510;222
EXP3;Control-8;52;18;36;550;240
EXP3;Control-8;53;35;56;316;316
EXP3;Control-8;54;35;47;1300;330
EXP3;Control-8;55;76;92;1025;420
EXP3;Control-8;56;87;103;940;660
EXP3;Control-8;57;90;103;764;590
EXP3;Control-8;58;97;121;1160;720
EXP3;Control-8;59;121;144;381;435
EXP3;Control-8;60;135;149;400;1070
EXP3;Control-8;61;136;150;250;940
EXP3;Control-8;62;137;147;259;707
EXP3;Control-8;63;147;158;390;160
EXP3;Control-8;64;147;159;715;315
EXP3;Control-8;65;149;158;820;80
EXP3;Control-8;66;152;164;760;920
EXP3;Control-8;67;155;167;389;700
EXP3;Control-8;68;158;173;550;430
EXP3;Control-8;69;159;169;265;355
EXP3;Control-8;70;159;174;30;730
EXP3;Control-8;71;166;180;100;250
EXP3;Control-8;72;174;184;95;1005
EXP3;Control-8;73;176;182;1535;180
EXP3;Control-8;74;186;201;1215;290
EXP3;Control-8;75;189;201;1520;620
EXP3;Control-8;76;206;223;970;385
EXP3;Control-8;77;221;235;960;290
EXP3;Control-8;78;227;247;1018;665
EXP3;Control-8;79;229;244;1040;935
EXP3;Control-8;80;230;246;1135;680
EXP3;Control-8;81;233;254;1260;300
EXP3;Control-8;82;234;256;1225;841
EXP3;Control-8;83;238;249;530;560
EXP3;Control-8;84;245;255;615;670
EXP3;Control-7;85;6;17;450;860
EXP3;Control-7;86;14;34;1070;700
EXP3;Control-7;87;26;38;450;120
EXP3;Control-7;88;30;44;930;940
EXP3;Control-7;89;39;54;190;560
EXP3;Control-7;90;43;61;520;900
EXP3;Control-7;91;49;72;870;1060
EXP3;Control-7;92;58;73;530;700
EXP3;Control-7;93;59;73;370;190
EXP3;Control-7;94;59;76;1440;140
EXP3;Control-7;95;67;85;680;810
EXP3;Control-7;96;69;86;660;530
EXP3;Control-7;97;83;101;440;440
EXP3;Control-7;98;88;103;1370;1060
EXP3;Control-7;99;91;111;970;222
EXP3;Control-7;100;96;132;1170;300
EXP3;Control-7;101;96;113;950;810
EXP3;Control-7;102;115;128;1440;860
EXP3;Control-7;103;125;139;1120;560
EXP3;Control-7;104;126;140;195;300
EXP3;Control-7;105;136;146;920;430
EXP3;Control-7;106;140;152;1060;680
EXP3;Control-7;107;153;165;100;990
EXP3;Control-7;108;156;167;960;880
EXP3;Control-7;109;166;180;120;600
EXP3;Control-7;110;182;190;1230;1080
EXP3;Control-7;111;184;193;570;910
EXP3;Control-7;112;185;195;320;1040
EXP3;Control-7;113;195;208;700;260
EXP3;Control-7;114;197;209;330;77
EXP3;Control-7;115;198;212;550;1010
EXP3;Control-7;116;199;207;1150;820
EXP3;Control-7;117;203;219;560;250
EXP3;Control-7;118;203;214;760;500
EXP3;Control-7;119;205;216;1230;900
EXP3;Control-7;120;214;223;330;370
EXP3;Control-7;121;215;228;690;750
EXP3;Control-7;122;218;230;465;255
EXP3;Control-7;123;218;229;860;1020
EXP3;Control-7;124;223;239;537;723
EXP3;Control-7;125;226;238;1180;60
EXP3;Control-7;126;227;247;1140;710
EXP3;Control-7;127;234;248;1420;710
EXP3;Control-7;128;238;248;520;516
EXP3;Control-7;129;248;260;1320;390
EXP3;Control-7;130;253;262;830;540
EXP3;Control-7;131;260;269;1110;440
EXP3;Control-7;132;265;275;1390;510
EXP3;Control-7;133;266;278;170;230
EXP3;Control-7;134;266;276;990;580
EXP3;Control-6;135;8;25;1110;520
EXP3;Control-6;136;14;40;292;303
EXP3;Control-6;137;18;41;250;196
EXP3;Control-6;138;19;33;940;430
EXP3;Control-6;139;20;35;45;410
EXP3;Control-6;140;27;52;720;90
EXP3;Control-6;141;68;83;1400;680
EXP3;Control-6;142;91;103;1330;590
EXP3;Control-6;143;105;121;940;940
EXP3;Control-6;144;110;124;250;560
EXP3;Control-6;145;111;125;660;750
EXP3;Control-6;146;144;166;905;580
EXP3;Control-6;147;149;161;1140;800
EXP3;Control-6;148;156;166;1020;450
EXP3;Control-6;149;157;170;580;420
EXP3;Control-6;150;161;174;210;375
EXP3;Control-6;151;166;178;750;680
EXP3;Control-6;152;169;182;1100;350
EXP3;Control-6;153;177;188;915;412
EXP3;Control-6;154;198;212;555;30
EXP3;Control-6;155;199;229;510;265
EXP3;Control-6;156;206;218;670;440
EXP3;Control-6;157;210;221;1480;700
EXP3;Control-6;158;220;235;1360;700
EXP3;Control-6;159;229;242;580;670
EXP3;Control-6;160;233;245;990;920
EXP3;Control-6;161;237;248;900;1020
EXP3;Control-6;162;244;257;420;1040
EXP3;Control-6;163;246;258;360;720
EXP3;Control-6;164;270;280;1170;760
EXP3;Control-5;165;12;27;500;862
EXP3;Control-5;166;20;35;1147;798
EXP3;Control-5;167;27;47;801;834
EXP3;Control-5;168;92;107;1239;291
EXP3;Control-5;169;95;115;341;367
EXP3;Control-5;170;97;115;542;205
EXP3;Control-5;171;102;117;438;647
EXP3;Control-5;172;103;118;229;227
EXP3;Control-5;173;112;126;111;152
EXP3;Control-5;174;114;134;346;13
EXP3;Control-5;175;118;133;142;256
EXP3;Control-5;176;119;138;401;18
EXP3;Control-5;177;128;139;761;591
EXP3;Control-5;178;129;140;595;359
EXP3;Control-5;179;129;143;737;204
EXP3;Control-5;180;145;156;478;904
EXP3;Control-5;181;146;159;921;338
EXP3;Control-5;182;146;159;1084;733
EXP3;Control-5;183;188;201;791;731
EXP3;Control-5;184;194;211;1136;978
EXP3;Control-5;185;212;225;649;313
EXP3;Control-5;186;219;231;377;412
EXP3;Control-5;187;241;250;43;419
EXP3;Control-5;188;244;255;260;222
EXP3;Control-5;189;256;273;314;91
EXP3;Control-4;190;12;27;175;540
EXP3;Control-4;191;20;35;825;481
EXP3;Control-4;192;27;47;486;517
EXP3;Control-4;193;33;53;812;792
EXP3;Control-4;194;84;97;1456;1056
EXP3;Control-4;195;90;116;1447;865
EXP3;Control-4;196;101;118;118;331
EXP3;Control-4;197;127;139;444;273
EXP3;Control-4;198;129;139;273;40
EXP3;Control-4;199;145;156;158;585
EXP3;Control-4;200;146;159;764;416
EXP3;Control-4;201;156;170;348;942
EXP3;Control-4;202;171;186;874;957
EXP3;Control-4;203;174;186;976;765
EXP3;Control-4;204;188;201;474;410
EXP3;Control-4;205;194;211;817;652
EXP3;Control-4;206;219;230;55;91
EXP3;Control-3;207;35;51;696;962
EXP3;Control-3;208;33;53;325;64
EXP3;Control-3;209;37;48;494;602
EXP3;Control-3;210;62;74;581;338
EXP3;Control-3;211;67;82;1486;1036
EXP3;Control-3;212;77;86;893;873
EXP3;Control-3;213;85;97;971;327
EXP3;Control-3;214;87;96;1509;669
EXP3;Control-3;215;89;101;1343;273
EXP3;Control-3;216;91;115;962;139
EXP3;Control-3;217;104;118;623;595
EXP3;Control-3;218;171;185;392;228
EXP3;Control-3;219;174;186;494;37
EXP3;Control-3;220;200;210;1150;944
EXP3;Control-3;221;215;225;1000;936
EXP3;Control-3;222;220;229;1329;644
EXP3;Control-3;223;223;236;1041;397
EXP3;Control-3;224;247;260;1313;408
EXP3;Control-2;225;3;20;1164;312
EXP3;Control-2;226;49;64;1132;136
EXP3;Control-2;227;103;120;113;925
EXP3;Control-2;228;108;128;229;472
EXP3;Control-2;229;125;144;340;633
EXP3;Control-2;230;125;145;593;722
EXP3;Control-2;231;142;153;1188;651
EXP3;Control-2;232;145;157;669;545
EXP3;Control-2;233;150;163;1090;455
EXP3;Control-2;234;159;172;633;242
EXP3;Control-2;235;166;176;949;307
EXP3;Control-2;236;171;183;1441;480
EXP3;Control-2;237;173;187;967;177
EXP3;Control-2;238;175;192;1355;127
EXP3;Control-2;239;177;187;1157;34
EXP3;Control-2;240;192;206;1223;168
EXP3;Control-2;241;245;259;258;442
EXP3;Control-2;242;254;272;154;550
EXP3;Control-2;243;267;280;57;866
EXP3;Control-2;244;267;280;374;580
EXP3;Control-2;245;268;276;1114;572
EXP3;Control-1;246;3;19;1068;301
EXP3;Control-1;247;35;49;1292;454
EXP3;Control-1;248;55;67;421;883
EXP3;Control-1;249;56;66;571;707
EXP3;Control-1;250;78;89;189;690
EXP3;Control-1;251;78;91;411;494
EXP3;Control-1;252;90;115;45;77
EXP3;Control-1;253;104;114;134;310
EXP3;Control-1;254;111;121;133;495
EXP3;Control-1;255;147;159;1137;526
EXP3;Control-1;256;166;177;723;451
EXP3;Control-1;257;170;180;1244;218
EXP3;Control-1;258;173;185;1422;166
EXP3;Control-1;259;172;184;1503;496
EXP3;Control-1;260;175;186;1344;1005
EXP3;Control-1;261;178;185;620;768
EXP3;Control-1;262;195;207;366;846
EXP3;Control-1;263;202;213;867;723
EXP3;Control-1;264;206;218;417;354
EXP3;Control-1;265;213;224;146;197
EXP3;Control-1;266;217;226;435;634
EXP3;Control-1;267;222;232;143;696
EXP3;Control-1;268;230;241;246;686
EXP3;MICAL1-10;269;21;30;1288;390
EXP3;MICAL1-10;270;23;39;340;800
EXP3;MICAL1-10;271;24;33;1321;40
EXP3;MICAL1-10;272;27;61;956;740
EXP3;MICAL1-10;273;29;51;747;744
EXP3;MICAL1-10;274;39;51;941;64
EXP3;MICAL1-10;275;43;51;1085;460
EXP3;MICAL1-10;276;45;55;1506;520
EXP3;MICAL1-10;277;50;63;1450;231
EXP3;MICAL1-10;278;64;78;54;245
EXP3;MICAL1-10;279;71;92;600;375
EXP3;MICAL1-10;280;71;82;1460;970
EXP3;MICAL1-10;281;76;97;1279;1090
EXP3;MICAL1-10;282;94;108;263;305
EXP3;MICAL1-10;283;115;131;472;745
EXP3;MICAL1-10;284;119;131;859;940
EXP3;MICAL1-10;285;126;135;828;348
EXP3;MICAL1-10;286;127;140;126;930
EXP3;MICAL1-10;287;160;176;791;970
EXP3;MICAL1-10;288;168;183;630;643
EXP3;MICAL1-10;289;175;185;420;932
EXP3;MICAL1-10;290;185;201;460;545
EXP3;MICAL1-10;291;188;198;873;758
EXP3;MICAL1-10;292;189;196;1393;732
EXP3;MICAL1-10;293;190;198;1400;346
EXP3;MICAL1-10;294;194;209;867;531
EXP3;MICAL1-10;295;198;212;1242;415
EXP3;MICAL1-10;296;204;215;680;70
EXP3;MICAL1-10;297;207;218;1230;825
EXP3;MICAL1-10;298;207;226;40;680
EXP3;MICAL1-10;299;222;241;1310;235
EXP3;MICAL1-10;300;229;237;1412;573
EXP3;MICAL1-10;301;231;252;1271;47
EXP3;MICAL1-10;302;239;249;542;403
EXP3;MICAL1-10;303;239;254;1040;630
EXP3;MICAL1-10;304;241;250;200;305
EXP3;MICAL1-10;305;245;255;1552;642
EXP3;MICAL1-10;306;246;253;675;235
EXP3;MICAL1-10;307;258;271;913;854
EXP3;MICAL1-9;308;46;66;1268;310
EXP3;MICAL1-9;309;51;63;666;735
EXP3;MICAL1-9;310;64;81;115;892
EXP3;MICAL1-9;311;82;101;1353;942
EXP3;MICAL1-9;312;110;120;440;947
EXP3;MICAL1-9;313;114;133;1062;935
EXP3;MICAL1-9;314;140;156;533;590
EXP3;MICAL1-9;315;143;158;110;456
EXP3;MICAL1-9;316;147;160;488;298
EXP3;MICAL1-9;317;147;178;910;454
EXP3;MICAL1-9;318;148;159;256;314
EXP3;MICAL1-9;319;149;175;1044;94
EXP3;MICAL1-9;320;184;189;834;752
EXP3;MICAL1-9;321;187;192;557;700
EXP3;MICAL1-9;322;190;202;1271;915
EXP3;MICAL1-9;323;191;203;1154;270
EXP3;MICAL1-9;324;211;227;943;60
EXP3;MICAL1-9;325;221;238;252;765
EXP3;MICAL1-9;326;233;249;1355;584
EXP3;MICAL1-9;327;243;248;510;820
EXP3;MICAL1-8;328;30;42;917;388
EXP3;MICAL1-8;329;33;45;1036;57
EXP3;MICAL1-8;330;37;63;1370;394
EXP3;MICAL1-8;331;58;70;234;361
EXP3;MICAL1-8;332;98;113;1500;890
EXP3;MICAL1-8;333;132;143;145;1015
EXP3;MICAL1-8;334;132;156;448;210
EXP3;MICAL1-8;335;132;149;1266;329
EXP3;MICAL1-8;336;143;162;400;290
EXP3;MICAL1-8;337;145;161;1215;240
EXP3;MICAL1-8;338;176;192;1191;1077
EXP3;MICAL1-8;339;179;192;670;500
EXP3;MICAL1-8;340;182;189;860;334
EXP3;MICAL1-8;341;182;191;1044;286
EXP3;MICAL1-8;342;187;195;1417;763
EXP3;MICAL1-8;343;198;210;305;112
EXP3;MICAL1-8;344;211;222;866;445
EXP3;MICAL1-8;345;228;246;1255;102
EXP3;MICAL1-8;346;263;272;835;70
EXP3;MICAL1-8;347;265;274;261;864
EXP3;MICAL1-7;348;18;36;1127;336
EXP3;MICAL1-7;349;46;63;366;337
EXP3;MICAL1-7;350;49;58;633;287
EXP3;MICAL1-7;351;62;80;1595;732
EXP3;MICAL1-7;352;66;79;391;687
EXP3;MICAL1-7;353;69;79;104;964
EXP3;MICAL1-7;354;129;141;330;244
EXP3;MICAL1-7;355;192;207;1085;891
EXP3;MICAL1-7;356;192;204;1523;75
EXP3;MICAL1-7;357;198;211;496;254
EXP3;MICAL1-7;358;198;210;585;710
EXP3;MICAL1-7;359;200;217;967;576
EXP3;MICAL1-7;360;203;219;587;286
EXP3;MICAL1-7;361;206;222;322;811
EXP3;MICAL1-7;362;213;233;307;366
EXP3;MICAL1-7;363;221;235;97;970
EXP3;MICAL1-7;364;227;246;918;391
EXP3;MICAL1-7;365;239;256;985;675
EXP3;MICAL1-7;366;240;252;133;1040
EXP3;MICAL1-6;367;10;28;120;410
EXP3;MICAL1-6;368;29;45;245;330
EXP3;MICAL1-6;369;33;45;376;320
EXP3;MICAL1-6;370;34;48;755;306
EXP3;MICAL1-6;371;54;74;695;705
EXP3;MICAL1-6;372;73;86;764;90
EXP3;MICAL1-6;373;90;103;783;998
EXP3;MICAL1-6;374;101;111;1300;653
EXP3;MICAL1-6;375;155;172;34;504
EXP3;MICAL1-6;376;159;172;286;152
EXP3;MICAL1-6;377;160;173;453;996
EXP3;MICAL1-6;378;164;183;624;800
EXP3;MICAL1-6;379;190;200;840;530
EXP3;MICAL1-6;380;223;234;421;228
EXP3;MICAL1-6;381;227;247;1210;972
EXP3;MICAL1-6;382;246;257;1500;630
EXP3;MICAL1-5;383;15;48;671;492
EXP3;MICAL1-5;384;23;39;294;274
EXP3;MICAL1-5;385;59;78;1118;998
EXP3;MICAL1-5;386;81;90;426;866
EXP3;MICAL1-5;387;93;113;1151;356
EXP3;MICAL1-5;388;98;109;191;712
EXP3;MICAL1-5;389;123;145;1149;171
EXP3;MICAL1-5;390;124;144;1192;23
EXP3;MICAL1-5;391;129;144;1447;656
EXP3;MICAL1-5;392;157;185;791;154
EXP3;MICAL1-5;393;159;168;502;370
EXP3;MICAL1-5;394;159;167;921;626
EXP3;MICAL1-5;395;187;206;680;632
EXP3;MICAL1-5;396;201;224;78;285
EXP3;MICAL1-5;397;214;228;1220;916
EXP3;MICAL1-5;398;220;231;1310;614
EXP3;MICAL1-5;399;223;233;1040;200
EXP3;MICAL1-5;400;225;244;1165;1054
EXP3;MICAL1-5;401;229;255;605;1059
EXP3;MICAL1-5;402;244;262;522;73
EXP3;MICAL1-5;403;251;268;1340;152
EXP3;MICAL1-5;404;254;269;1436;469
EXP3;MICAL1-5;405;265;278;1563;823
EXP3;MICAL1-4;406;5;19;1270;785
EXP3;MICAL1-4;407;22;42;746;154
EXP3;MICAL1-4;408;23;34;553;125
EXP3;MICAL1-4;409;54;85;273;754
EXP3;MICAL1-4;410;61;77;166;693
EXP3;MICAL1-4;411;100;112;646;341
EXP3;MICAL1-4;412;105;117;70;429
EXP3;MICAL1-4;413;106;122;585;607
EXP3;MICAL1-4;414;109;125;161;249
EXP3;MICAL1-4;415;110;124;301;610
EXP3;MICAL1-4;416;110;122;1406;599
EXP3;MICAL1-4;417;138;153;905;832
EXP3;MICAL1-4;418;147;160;1202;396
EXP3;MICAL1-4;419;148;161;802;232
EXP3;MICAL1-4;420;156;172;720;890
EXP3;MICAL1-4;421;164;181;280;176
EXP3;MICAL1-4;422;170;187;538;417
EXP3;MICAL1-4;423;170;182;522;92
EXP3;MICAL1-4;424;194;207;1300;906
EXP3;MICAL1-4;425;195;208;1087;730
EXP3;MICAL1-4;426;227;240;496;679
EXP3;MICAL1-4;427;232;246;985;592
EXP3;MICAL1-4;428;243;250;821;543
EXP3;MICAL1-4;429;246;255;179;265
EXP3;MICAL1-4;430;249;264;1424;1026
EXP3;MICAL1-4;431;256;271;1378;667
EXP3;MICAL1-4;432;267;280;198;491
EXP3;MICAL1-4;433;269;280;388;609
EXP3;MICAL1-3;434;64;75;432;592
EXP3;MICAL1-3;435;65;85;1312;848
EXP3;MICAL1-3;436;68;83;902;320
EXP3;MICAL1-3;437;73;95;1312;536
EXP3;MICAL1-3;438;76;86;569;628
EXP3;MICAL1-3;439;78;92;1232;701
EXP3;MICAL1-3;440;83;108;1152;965
EXP3;MICAL1-3;441;86;107;1596;579
EXP3;MICAL1-3;442;94;110;1262;130
EXP3;MICAL1-3;443;105;114;934;567
EXP3;MICAL1-3;444;117;124;649;82
EXP3;MICAL1-3;445;127;136;545;283
EXP3;MICAL1-3;446;129;145;1323;324
EXP3;MICAL1-3;447;137;150;850;980
EXP3;MICAL1-3;448;192;204;1371;686
EXP3;MICAL1-3;449;193;209;1259;762
EXP3;MICAL1-3;450;196;213;1346;536
EXP3;MICAL1-3;451;199;218;1090;616
EXP3;MICAL1-3;452;207;218;1267;859
EXP3;MICAL1-3;453;208;220;979;919
EXP3;MICAL1-3;454;210;221;1027;434
EXP3;MICAL1-3;455;218;232;1127;1028
EXP3;MICAL1-3;456;220;244;1147;748
EXP3;MICAL1-3;457;225;234;803;349
EXP3;MICAL1-3;458;228;240;662;712
EXP3;MICAL1-3;459;230;243;1344;159
EXP3;MICAL1-3;460;245;255;486;606
EXP3;MICAL1-3;461;248;262;1532;579
EXP3;MICAL1-3;462;250;262;989;631
EXP3;MICAL1-3;463;259;270;244;515
EXP3;MICAL1-2;464;29;39;959;742
EXP3;MICAL1-2;465;36;51;117;112
EXP3;MICAL1-2;466;38;46;179;367
EXP3;MICAL1-2;467;58;66;521;905
EXP3;MICAL1-2;468;58;69;1240;919
EXP3;MICAL1-2;469;58;70;519;901
EXP3;MICAL1-2;470;81;95;136;836
EXP3;MICAL1-2;471;98;108;518;504
EXP3;MICAL1-2;472;104;113;854;544
EXP3;MICAL1-2;473;107;119;364;318
EXP3;MICAL1-2;474;117;138;290;968
EXP3;MICAL1-2;475;124;136;305;736
EXP3;MICAL1-2;476;156;169;873;669
EXP3;MICAL1-2;477;163;176;1202;1084
EXP3;MICAL1-2;478;181;190;252;385
EXP3;MICAL1-2;479;181;187;703;332
EXP3;MICAL1-2;480;181;189;1196;584
EXP3;MICAL1-2;481;191;203;97;131
EXP3;MICAL1-2;482;194;206;171;749
EXP3;MICAL1-2;483;194;201;190;613
EXP3;MICAL1-2;484;199;211;108;1070
EXP3;MICAL1-2;485;209;215;512;868
EXP3;MICAL1-2;486;209;217;1362;556
EXP3;MICAL1-2;487;209;215;514;864
EXP3;MICAL1-2;488;222;229;638;590
EXP3;MICAL1-2;489;224;230;554;61
EXP3;MICAL1-2;490;241;248;236;317
EXP3;MICAL1-2;491;241;250;446;291
EXP3;MICAL1-1;492;31;59;834;219
EXP3;MICAL1-1;493;33;48;1477;224
EXP3;MICAL1-1;494;36;58;656;466
EXP3;MICAL1-1;495;44;54;984;229
EXP3;MICAL1-1;496;61;85;397;344
EXP3;MICAL1-1;497;62;81;1130;539
EXP3;MICAL1-1;498;88;114;603;802
EXP3;MICAL1-1;499;115;125;1473;1028
EXP3;MICAL1-1;500;127;139;1084;900
EXP3;MICAL1-1;501;149;157;1071;1009
EXP3;MICAL1-1;502;168;181;674;486
EXP3;MICAL1-1;503;171;183;1255;925
EXP3;MICAL1-1;504;173;190;1461;337
EXP3;MICAL1-1;505;175;195;195;322
EXP3;MICAL1-1;506;184;193;74;128
EXP3;MICAL1-1;507;187;198;518;312
EXP3;MICAL1-1;508;190;198;388;806
EXP3;MICAL1-1;509;189;200;689;176
EXP3;MICAL1-1;510;191;203;1028;503
EXP3;MICAL1-1;511;201;231;256;763
EXP3;MICAL1-1;512;209;218;380;1041
EXP3;MICAL1-1;513;213;228;695;770
EXP3;MICAL1-1;514;214;226;612;868
EXP3;CEP55-10;515;7;26;1221;990
EXP3;CEP55-10;516;25;59;157;500
EXP3;CEP55-10;517;32;68;745;601
EXP3;CEP55-10;518;38;78;1127;253
EXP3;CEP55-10;519;53;87;343;553
EXP3;CEP55-10;520;69;110;1330;486
EXP3;CEP55-10;521;80;203;135;1008
EXP3;CEP55-10;522;146;166;989;651
EXP3;CEP55-10;523;162;173;308;603
EXP3;CEP55-10;524;184;215;570;640
EXP3;CEP55-10;525;185;214;1237;210
EXP3;CEP55-10;526;191;242;785;450
EXP3;CEP55-10;527;192;210;380;415
EXP3;CEP55-10;528;200;236;1594;620
EXP3;CEP55-10;529;210;237;816;560
EXP3;CEP55-10;530;219;234;320;653
EXP3;CEP55-10;531;223;252;280;966
EXP3;CEP55-9;532;59;117;633;662
EXP3;CEP55-9;533;64;104;970;800
EXP3;CEP55-9;534;82;107;1380;370
EXP3;CEP55-9;535;85;103;850;172
EXP3;CEP55-9;536;87;196;1144;50
EXP3;CEP55-9;537;131;228;690;970
EXP3;CEP55-9;538;155;254;1556;55
EXP3;CEP55-9;539;157;257;25;540
EXP3;CEP55-9;540;181;225;920;705
EXP3;CEP55-9;541;184;216;1147;775
EXP3;CEP55-9;542;187;225;746;720
EXP3;CEP55-9;543;192;218;595;566
EXP3;CEP55-9;544;206;228;1116;96
EXP3;CEP55-8;545;31;47;320;444
EXP3;CEP55-8;546;32;93;555;422
EXP3;CEP55-8;547;38;77;810;90
EXP3;CEP55-8;548;53;101;140;450
EXP3;CEP55-8;549;68;77;1415;830
EXP3;CEP55-8;550;83;116;100;206
EXP3;CEP55-8;551;177;191;556;224
EXP3;CEP55-8;552;180;203;820;120
EXP3;CEP55-8;553;188;201;165;560
EXP3;CEP55-8;554;196;231;720;846
EXP3;CEP55-8;555;203;223;30;400
EXP3;CEP55-8;556;211;229;277;516
EXP3;CEP55-8;557;212;228;60;1015
EXP3;CEP55-8;558;218;278;523;941
EXP3;CEP55-8;559;223;258;510;496
EXP3;CEP55-8;560;231;272;307;292
EXP3;CEP55-8;561;242;255;180;158
EXP3;CEP55-7;562;9;42;515;697
EXP3;CEP55-7;563;12;67;407;560
EXP3;CEP55-7;564;39;69;1023;834
EXP3;CEP55-7;565;88;97;662;300
EXP3;CEP55-7;566;113;193;782;1000
EXP3;CEP55-7;567;162;190;1342;1034
EXP3;CEP55-7;568;167;188;727;873
EXP3;CEP55-7;569;171;186;290;256
EXP3;CEP55-7;570;174;194;565;776
EXP3;CEP55-7;571;203;224;1443;437
EXP3;CEP55-7;572;218;249;646;425
EXP3;CEP55-7;573;229;245;1115;4
EXP3;CEP55-6;574;45;76;290;372
EXP3;CEP55-6;575;45;116;460;505
EXP3;CEP55-6;576;47;102;823;296
EXP3;CEP55-6;577;104;168;1120;717
EXP3;CEP55-6;578;113;157;1414;805
EXP3;CEP55-6;579;182;233;761;261
EXP3;CEP55-6;580;183;280;978;266
EXP3;CEP55-6;581;183;206;333;692
EXP3;CEP55-6;582;186;227;130;1028
EXP3;CEP55-6;583;196;219;105;253
EXP3;CEP55-6;584;216;236;347;294
EXP3;CEP55-6;585;227;243;558;852
EXP3;CEP55-6;586;248;263;973;1092
EXP3;CEP55-5;587;67;106;1109;734
EXP3;CEP55-5;588;67;117;1441;504
EXP3;CEP55-5;589;72;134;1016;599
EXP3;CEP55-5;590;87;193;254;203
EXP3;CEP55-5;591;105;158;1342;115
EXP3;CEP55-5;592;113;123;769;634
EXP3;CEP55-5;593;124;180;1506;247
EXP3;CEP55-5;594;127;185;1241;110
EXP3;CEP55-5;595;131;149;634;725
EXP3;CEP55-5;596;192;264;348;714
EXP3;CEP55-5;597;210;280;247;931
EXP3;CEP55-4;598;11;64;536;853
EXP3;CEP55-4;599;19;59;334;757
EXP3;CEP55-4;600;11;45;1101;720
EXP3;CEP55-4;601;35;89;950;770
EXP3;CEP55-4;602;62;79;729;287
EXP3;CEP55-4;603;71;127;501;174
EXP3;CEP55-4;604;85;153;76;303
EXP3;CEP55-4;605;94;132;224;360
EXP3;CEP55-4;606;120;218;1253;305
EXP3;CEP55-4;607;124;210;1326;541
EXP3;CEP55-4;608;153;207;1259;793
EXP3;CEP55-4;609;156;191;1065;939
EXP3;CEP55-4;610;161;218;159;673
EXP3;CEP55-4;611;180;228;996;714
EXP3;CEP55-4;612;185;226;645;346
EXP3;CEP55-4;613;187;215;571;179
EXP3;CEP55-4;614;213;245;301;367
EXP3;CEP55-4;615;212;246;1448;260
EXP3;CEP55-3;616;49;91;346;445
EXP3;CEP55-3;617;145;173;955;233
EXP3;CEP55-3;618;158;190;658;564
EXP3;CEP55-3;619;186;240;333;434
EXP3;CEP55-3;620;196;234;522;772
EXP3;CEP55-2;621;39;170;556;267
EXP3;CEP55-2;622;93;105;1534;436
EXP3;CEP55-2;623;135;176;350;825
EXP3;CEP55-2;624;164;253;184;185
EXP3;CEP55-2;625;197;228;500;330
EXP3;CEP55-2;626;203;245;437;135
EXP3;CEP55-2;627;235;275;996;514
EXP3;CEP55-2;628;257;277;914;1017
EXP3;CEP55-1;629;3;58;1499;155
EXP3;CEP55-1;630;10;80;279;1008
EXP3;CEP55-1;631;17;43;1020;1082
EXP3;CEP55-1;632;17;149;930;68
EXP3;CEP55-1;633;25;60;181;103
EXP3;CEP55-1;634;40;95;1170;763
EXP3;CEP55-1;635;42;120;218;309
EXP3;CEP55-1;636;44;108;672;983
EXP3;CEP55-1;637;157;184;910;491
EXP3;CEP55-1;638;168;184;59;537
EXP3;CEP55-1;639;179;229;364;89
EXP3;CEP55-1;640;183;205;573;918
EXP3;CEP55-1;641;183;210;110;215
EXP3;CEP55-1;642;239;253;1428;936
EXP3;CEP55-1;643;26;105;218;289
